Address,Name,CUISINE DESCRIPTION
1 7 AVENUE SOUTH 10014,ayza wine & chocolate bar,French
1 E 55TH ST 10022,the polo bar,American
1 EAST  161 STREET 10451,stand 334 beer room,American
1 EAST  161 STREET 10451,mohegan sun sports bar,American
1 JFK INTEL 11430,sammy's beach bar & grill,American
1 LISPENARD ST 10013,nancy whiskey pub,American
1 YORK ST 10013,barry's bootcamp fuel bar,"Juice, Smoothies, Fruit Salads"
10 COLUMBUS CIRCLE 10019,center bar,American
10 EAST   21 STREET 10010,society billards and bar,American
10 W 32ND ST 10001,miss korea barbecue ''sun'',Korean
10 WEST   32 STREET 10001,mui kitchen & bar,American
100 CENTRAL PARK SOUTH 10019,whiskey park,American
1002 CORTELYOU RD 11218,highbury pub,American
1003 BRIGHTON BEACH AVENUE 11235,kebeer grill bar,American
1008 CORTELYOU ROAD 11218,bar chord,American
101 FOREST PARK DR 11421,forest park snack bar,American
101 W 25TH ST 10001,blue dog kitchen bar,American
10101 37 AVENUE 11368,la vida loca restaurant and bar,Mexican
10117 43 AVENUE 11368,la marina bar restaurant,Mexican
102 1 AVENUE 10009,coal yard bar,American
1020 AMSTERDAM AVENUE 10025,1020 bar,American
1020 LEXINGTON AVENUE 10021,lexington bar and books,American
10202 NORTHERN BOULEVARD 11368,salinas ecuadorian bar & restaurant,"Latin (Cuban, Dominican, Puerto Rican, South & Central American)"
10203 JAMAICA AVE 11418,la cocina de alex cafe bar & lounge,Other
1022 AVENUE P 11223,my grill bar,Jewish/Kosher
1024 MORRIS PARK AVENUE 10461,doyles pub,Irish
1025 BOARDWALK 11224,deno's snack bar/famiglia,American
1025 MANHATTAN AVENUE 11222,whiskey burger,American
10253 43 AVENUE 11368,paraiso azteca restaurant & bar,"Latin (Cuban, Dominican, Puerto Rican, South & Central American)"
1028 CASTLE HILL AVE 10472,1028 bar & restaurant el salvadoreno,Spanish
103 2 AVENUE 10003,mighty quinn's barbeque,Barbecue
103 LEXINGTON AVENUE 10016,tamba indian grill & bar,Indian
10408 METROPOLITAN AVENUE 11375,end of the century bar,American
1041 MANHATTAN AVENUE 11222,tommy's tavern,American
10410 ROOSEVELT AVENUE 11368,la mitad del mundo bar-restaurant,Mexican
10419 JAMAICA AVENUE 11418,829 bar restaurant,Spanish
10421 ROOSEVELT AVE 11368,el manatial restaurant & bar,"Latin (Cuban, Dominican, Puerto Rican, South & Central American)"
10503 LIBERTY AVENUE 11417,on the rox lounge & bar,American
10507 NORTHERN BLVD 11368,ilusion tavern,Spanish
10561058 BROADWAY 11221,gallery bar,American
106 3RD AVE 10003,brazen fox kitchen and bar,American
106 BEVERLY ROAD 11218,denny's pub,American
1063 POST AVENUE 10302,casey's public house,American
10636 SUTPHIN BLVD 11435,g & l restaurant & bar,Caribbean
1065 AVE OF THE AMERICAS 10018,academia barilla restaurant,Italian
1065 BEDFORD AVE 11216,jo juice and salad bar,"Juice, Smoothies, Fruit Salads"
107 MCCLEAN AVENUE 10305,italianissimo restaurant cafe bar,Italian
10709 ROCKAWAY BOULEVARD 11417,johnny's restaurant bar & lounge,Caribbean
1077 GRAND STREET 11211,pumps exotic bar,American
108 AVENUE B 10009,7b bar,American
10802 JAMAICA AVE 11418,tauros bar and restaurant,Mexican
10807 ROCKAWAY BEACH BOULEVARD 11694,healy's pub,American
108110 WEST   40 STREET 10018,croton reservoir tavern,American
1082 ST JOHNS PLACE 11213,the hytes bar,American
109 EAST    9 STREET 10003,the central bar,American
109 EAST 50 STREET 10022,inside park at st. bart's,American
10908 LIBERTY AVE 11419,aladdin hookah lounge & bar inc,Indian
11 PENN STATION 33RD STREET 10001,tracks raw bar & grill,American
11 WAVERLY PLACE 10003,josie wood's pub,American
11 WEST   31 STREET 10001,ayza cafe & wine bar,"Bottled beverages, including water, sodas, juices, etc."
11 WEST   60 STREET 10023,gabriel's bar & grill,Italian
110 ATLANTIC AVENUE 11201,the long island bar,American
1100 SOUTH AVENUE 10314,lorenzos bar & grill (hilton garden),American
11000 ROCKAWAY BOULEVARD 11420,first service bar,"Bottled beverages, including water, sodas, juices, etc."
11000 ROCKAWAY BOULEVARD 11420,second service bar,"Bottled beverages, including water, sodas, juices, etc."
11000 ROCKAWAY BOULEVARD 11420,silks,"Bottled beverages, including water, sodas, juices, etc."
11000 ROCKAWAY BOULEVARD 11420,long shots,American
11000 ROCKAWAY BOULEVARD 11420,bar 360,American
11000 ROCKAWAY BOULEVARD 11420,service bar 7,American
11000 ROCKAWAY BOULEVARD 11420,liberty bar,American
11000 ROCKAWAY BOULEVARD 11420,service bar-4,American
11000 ROCKAWAY BOULEVARD 11420,third service bar,American
11000 ROCKAWAY BOULEVARD 11420,manhattan terrace bar,American
11000 ROCKAWAY BOULEVARD 11420,colony lounge service bar,American
11000 ROCKAWAY BOULEVARD 11420,uptown express service bar,American
111 AVENUE A 10009,yuca bar & restaurant,"Latin (Cuban, Dominican, Puerto Rican, South & Central American)"
111 E 48TH ST 10017,intercontinental barclay,Other
111 E 48TH ST 10017,intercontinental banquet kitchen new york barclay,Other
11101 LIBERTY AVENUE 11419,roys rest & sports bar,"Bottled beverages, including water, sodas, juices, etc."
1111 131 STREET 11356,starbucks/salad bar & dessert/juice bar,American
11113 ROOSEVELT AVE 11368,tarros bar,Spanish
1114 8 AVENUE 11215,johnny mack's bar,American
1114 FULTON ST 11238,brooklyn wine yard,American
111416 AVENUE U 11223,el tequilero bar & restaurant,Mexican
11148 LEFFERTS BLVD 11420,wild orchid bar & lounge,American
112 DYCKMAN STREET 10040,809 grill & bar restaurant,"Latin (Cuban, Dominican, Puerto Rican, South & Central American)"
112 LINCOLN AVENUE 10454,charlies bar & kitchen,American
11206 LIBERTY AVE 11419,silver lounge,"Bottled beverages, including water, sodas, juices, etc."
11208 ROCK BCH BLVD 11694,brendan's bar,"Bottled beverages, including water, sodas, juices, etc."
1123 8 AVENUE 11215,12th street bar & grill,American
1125 1 AVENUE 10065,neely's barbecue parlor/merchants,Barbecue
11251 ROOSEVELT AVENUE 11368,la picardia poblana bar,Spanish
1129 LONGWOOD AVE 10474,milly's corner restaurant and bar,"Latin (Cuban, Dominican, Puerto Rican, South & Central American)"
113 LUDLOW STREET 10002,bg bar/mehanata,Eastern European
113 MACDOUGAL STREET 10012,minetta tavern,French
113 MULBERRY STREET 10013,cha cha's backyard garden bar & cafe,Italian
113 WEST   13 STREET 10011,spain restaurant & bar,Spanish
113115 EAST  157 STREET 10451,stadium pizza bar restaurant,American
114 E 32ND ST 10016,oneonefour bar & lounge (marmar park ave),American
1141 WASHINGTON AVE 10456,bx pizza bar restaurant,Pizza/Italian
11445 LEFFERTS BLVD 11420,gt kingston restaurant & bar,Caribbean
115 1 AVENUE 10003,wcou radio / tile bar,American
115 BROADWAY 10006,trinity place bar & restaurant,American
115 CHRISTOPHER STREET 10014,hangar bar,American
11510 ROCKAWAY BEACH BOULEVARD 11694,kerry hills pub,"Bottled beverages, including water, sodas, juices, etc."
1152 1 AVENUE 10065,baker street pub,American
11522 LIBERTY AVENUE 11419,sugaz bar,Caribbean
1154 1 AVENUE 10065,honky tonk tavern,American
116 NORTH    5 STREET 11249,two door tavern,American
116 SMITH ST 11201,we olive and wine bar-brooklyn,Not Listed/Not Applicable
1166 1 AVENUE 10065,felice 64 wine bar,Italian
117 E 60TH ST 10022,the bar room,American
11703 HILLSIDE AVE 11418,karnival bar & lounge,Caribbean
11703 HILLSIDE AVE 11418,wine room nyc,American
11710 JAMAICA AVE 11418,crazy willys bar,"Latin (Cuban, Dominican, Puerto Rican, South & Central American)"
11718 QUEENS BOULEVARD 11375,cobblestone pub,American
118 2 AVENUE 10003,bar virage,Mediterranean
118 NASSAU STREET 10038,nassau bar,"Bottled beverages, including water, sodas, juices, etc."
118-12 QUEENS BOULEVARD 11375,o'hanlon's bar,American
11814 LIBERTY AVE 11419,liberty bar restaurant,American
1183 BROADWAY 11221,marthita's bar & grill,Spanish
1183 FULTON ST 11216,fuel juice bar,"Juice, Smoothies, Fruit Salads"
1186 EVERGREEN AVENUE 10472,el chicanito sports bar,Mexican
119-11 METROPOLITAN AVE 11415,hangar 11 bar & grill,American
12 E GUN HILL RD 10467,little michael's deli & salad bar,Delicatessen
12 EAST   12 STREET 10003,gotham bar & grill,American
12 SPRING STREET 10012,the vig bar,American
12 WEST   44 STREET 10036,the mansfield bar,American
12 WHITEHALL FERRY TERMINAL 10004,eat-a-bagel (andrew j. barberi ferry),Bagels/Pretzels
120 EAST 15 STREET 10003,side bar,American
12012 1 AVENUE 10009,international bar,American
1205 BOWERY ST 11224,margarita island,"Bottled beverages, including water, sodas, juices, etc."
1205 SURF AVE 11224,the red doors bar and grill,American
1207 WHITE PLAINS RD 10472,body fitness ny juice & protein bar,"Juice, Smoothies, Fruit Salads"
121 ESSEX STREET 10002,the whiskey ward,American
121 LUDLOW STREET 10002,amuse wine bar,American
1215 EAST GUN HILL ROAD 10469,gun post lanes snack bar,American
1218 ST NICHOLAS AVENUE 10032,m & m bar & grill,American
123 ALLEN STREET 10002,antler beer & wine dispensary,American
123 JAMAICA AVENUE 11207,bonao bar and grill,"Latin (Cuban, Dominican, Puerto Rican, South & Central American)"
123 WASHINGTON STREET 10006,blt bar & grill,American
1230 5 AVENUE 10029,el museo del barrio,"Latin (Cuban, Dominican, Puerto Rican, South & Central American)"
1233 FLATBUSH AVE 11226,rose fantasy restaurant and bar,Caribbean
12432 QUEENS BLVD 11415,euro grill  & salad bar,American
1246 E GUN HILL RD 10469,ethics bar & lounge,American
125 BEDFORD AVENUE 11211,mugs ale house bar,American
125 E 7TH ST 10009,ruffian wine bar,Continental
1250 MORRISON AVE 10472,new tacopetan restaurant & bar,Mexican
12515 JAMAICA AVE 11418,california bar & lounge,Spanish
12517 101ST AVE 11419,nest restaurant & bar,Caribbean
12517 ROCKAWAY BOULEVARD 11420,the tic tavern,American
12522 MERRICK BLVD 11434,edge bar & lounge,American
1258 BAY STREET 10305,rosebank tavern,American
1259 PARK AVE 10029,earl's beer & cheese,Armenian
126 1 AVENUE 10009,the grafton public house,American
126 HAMILTON PL 10031,hogshead tavern,Other
126 ROOSEVELT AVENUE 11368,stand 140 beer island,"Bottled beverages, including water, sodas, juices, etc."
126 ROOSEVELT AVENUE 11368,club bar #1 (first base),American
126 ROOSEVELT AVENUE 11368,club bar #2 horseshoe bar (1st base),American
126 ROOSEVELT AVENUE 11368,ceasar/club bar #3,American
126 ROOSEVELT AVENUE 11368,delta kitchen (in seat svc bar 1),American
1267 JEROME AVENUE 10452,elvalle restaurant sport bar,Spanish
127 E 34TH ST 10016,wine:34,Italian
127 W 28TH ST 10001,stix chelsea/hotel indigo/rooftop bar,American
12705 111TH AVE 11420,insomnia bar & lounge,American
1278 3 AVENUE 10021,t-bar steak & lounge,Steak
128 BEDFORD AVE 11249,soft spot bar,American
128 SMITH STREET 11201,bar tabac,French
128 WEST   29 STREET 10001,chelton's bar and grill (doubletree by hilton),American
129 EAST   18 STREET 10003,pete's tavern,American
129 LEXINGTON AVENUE 10016,whiskey rebel,American
129 W 56TH ST 10019,topaz noodle bar,Asian
1290 AVENUE OF THE AMERICAS 10104,academia barilla restaurants,Italian
12920 LIBERTY AVENUE 11419,beni's restaurant & bar,Caribbean
1299 CONEY ISLAND AVE 11230,schnitzi bar,Jewish/Kosher
13 EAST   13 STREET 10003,corkbuzz wine studio,American
130 EAST   39 STREET 10016,beer & buns / st giles hotel - the court,American
130 EAST   40 STREET 10016,peter dillon's bar,Irish
130 LINCOLN AVE 10306,parker's sports bar,American
1301 6 AVENUE 10019,ra @ barclays,American
1301 AVENUE OF THE AMERICAS 10019,ra at barclays,American
1306 SAINT NICHOLAS AVE 10033,lola lola restaurant & bar,Mexican
131 RIVINGTON STREET 10002,schiller's liquor bar,American
1310 78TH ST 11228,blend salad and juice bar,Salads
13102 14 AVENUE 11356,bar 131,American
13118 LIBERTY AVENUE 11419,singh's roti shop & bar,Caribbean
13123 LIBERTY AVE 11419,ice bar & grill,Caribbean
132 1 AVENUE 10009,v bar,Italian
132 FREEMONT AVENUE 10306,the grant city tavern,American
1320 E GUN HILL RD 10469,876 bar lounge,American
133 E 45TH ST 10017,fuel grill & juice bar,"Juice, Smoothies, Fruit Salads"
133 IRVING AVENUE 11237,ivy star bar & restaurant,Mexican
133 W 29TH ST 10001,wine disciples enoteca,Italian
13316 39 AVENUE 11354,blackout lounge,"Bottled beverages, including water, sodas, juices, etc."
13342 37 AVENUE 11354,kissa bar,American
133-44 37TH AVENUE 11354,yu sushi bar,Japanese
13345 ROOSEVELT AVENUE 11354,roosevelt sports bar,American
13348 37 AVENUE 11354,china bar/sabu sabu oyster bar,Asian
1335 AVENUE OF AMERICAS 10019,minus5 ice bar,"Bottled beverages, including water, sodas, juices, etc."
1336 BUSHWICK AVE 11207,andalucia bar & lounge,Italian
134 KINGSLAND AVENUE 11222,one stop beer shop,American
134 WEST   29 STREET 10001,pioneers bar & lounge,American
13401 LIBERTY AVENUE 11419,the ranch restaurant & bar of guyana,Caribbean
13406 GUY R BREWER BLVD 11434,peru rotisserie barbeque chicken and pizza,American
13415 20TH AVE 11356,buffalo wild wings grill & bar,Chicken
135 EAST  149 STREET 10451,glacken bar,American
135 FLAGG PLACE 10304,richmond county country club - pool snack bar,American
135 READE STREET 10013,reade street pub & kitchen,American
135 W 30TH ST 10001,dewey's pub,American
135 WEST BROADWAY 10013,tiny's and the bar upstairs,American
1354 EDWARD L GRANT HIGHWAY 10452,emergency snack bar,Spanish
13613 FARMERS BLVD 11434,springfield & la bari pizzeria,Pizza
13617 41ST AVE 11355,lcle bar,Chinese
137 EAST   45 STREET 10017,thai grill sushi bar,Thai
137 SCHENECTADY AVENUE 11213,new heights bar and restaurant,American
1370 ROCKAWAY PKWY 11236,bamboo tavern,American
137-08 REDDING STREET 11417,days inn/the zone bar & restaurant,American
13709 CROSSBAY BLVD 11417,c j's bar & lounge,American
1372 YORK AVENUE 10021,tanoshi sushi saki bar,Japanese
1373 FIRST AVENUE 10021,banshee pub,Irish
138 EAST   34 STREET 10016,v {iv} thai restaurant & bar,Thai
1380 BRONX RIVER AVE 10472,h. j. m deli,"Bottled beverages, including water, sodas, juices, etc."
139 NORTH    6 STREET 11249,surf bar,Seafood
139 W 32ND ST 10001,bally total fitness juice bar,"Juice, Smoothies, Fruit Salads"
1390 SAINT NICHOLAS AVE 10033,south beach restaurant & bar,Spanish
13920 243RD ST 11422,g's restaurant & bar,Caribbean
13931 JAMAICA AVE 11435,el mezcal bar & grill,Mexican
13937 JAMAICA AVENUE 11435,sonrisa bar,American
1394 THIRD AVENUE 10075,luke's bar & grill,American
14 EAST   23 STREET 10010,live bait bar & restaurant,Seafood
14 EAST   47 STREET 10017,connolly's pub,Irish
14 WEST   49 STREET 10020,morrell wine bar & cafe,American
140 1ST AVE 10009,the hard swallow,"Bottled beverages, including water, sodas, juices, etc."
140 ATLANTIC AVE 11201,pair wine and cheese,American
1404 OGDEN AVENUE 10452,el aguila bar restaurant,"Latin (Cuban, Dominican, Puerto Rican, South & Central American)"
1409 MYRTLE AVENUE 11237,mills tavern,American
141 BROADWAY 11211,on track bar (o.t.b.),American
1410 UNIONPORT ROAD 10462,lorraine's bar and grill,American
1413 BUSHWICK AVE 11207,salud bar & grill,"Latin (Cuban, Dominican, Puerto Rican, South & Central American)"
142 BLEECKER STREET 10012,gmt tavern,American
142 SULLIVAN ST 10012,no. 142 bar,American
1420 CLAY AVE 10456,antojitos & natural juice bar,"Juice, Smoothies, Fruit Salads"
1425 COLLEGE POINT BOULEVARD 11356,a.r's tavern,American
1429 2ND AVE 10021,equinox 74th street juice bar,"Juice, Smoothies, Fruit Salads"
143 E 233RD ST 10470,the hideout tavern,Other
14306 LIBERTY AVE 11435,club vibe bar and cafe,Other
14367 243 STREET 11422,sports mania bar & grill,American
1438 MYRTLE AVE 11237,bootleg bar,American
144 WEST   65 STREET 10023,indie food and wine,American
14407 JAMAICA AVENUE 11435,sabor caribe bar restaurant,"Latin (Cuban, Dominican, Puerto Rican, South & Central American)"
1442 3 AVENUE 10028,mad river bar & grille,American
1442 LEXINGTON AVE 10128,bonjour crepes & wine,French
1448 OLMSTEAD AVENUE 10462,friends sports bar,American
145 AVENUE C 10009,esperanto restaurant bar and jugo,Brazilian
145 BLEECKER STREET 10012,peculiar pub,American
145 E 39TH ST 10016,salvation taco & roof top bar,Not Listed/Not Applicable
145 EAST  149 STREET 10451,glen roy bar and grill,American
145 WEST 44 STREET 10036,charlotte restaurant bar & lounge,American
145 WEST 45 STREET 10036,o'lunney's times square pub,Irish
1455 ST NICHOLAS AVENUE 10033,lucky seven tapas bar,"Latin (Cuban, Dominican, Puerto Rican, South & Central American)"
14609 JAMAICA AVENUE 11435,blarney bar,American
1465 3 AVENUE 10028,gael pub,American
1469 5TH AVE 10035,rio samba restaurant and bar,Other
147 WEST   40 STREET 10018,jack's restaurant & bar,American
1470 JEROME AVENUE 10452,estrella bar & restaurant,"Latin (Cuban, Dominican, Puerto Rican, South & Central American)"
1471 1 AVENUE 10075,american bar,American
1472 OGDEN AVENUE 10452,sal y pimienta bar & restaurant,"Latin (Cuban, Dominican, Puerto Rican, South & Central American)"
148 NAGLE AVENUE 10040,mi-nido tavern,"Bottled beverages, including water, sodas, juices, etc."
14905 UNION TURNPIKE 11367,cheap shots sports bar  and  lounge,American
14944 14 AVENUE 11357,the end zone bar,American
1495 1 AVENUE 10075,bar coastal,American
15 EAST   15 STREET 10003,park bar,American
15 W 18TH ST 10011,the gander bar room and restaurant,American
150 CENTRE STREET 10013,mika japanese cuisine & bar,Chinese/Japanese
150 DELANCEY ST 10002,retro grill & bar (holiday inn),American
150 E 50TH ST 10022,kb 50 kitchen bar,Other
150 W 30TH ST 10001,madison square tavern,American
150 WEST   47 STREET 10036,langans bar & restaurant,Irish
151 W 34TH ST 10001,rowlands bar and grill / chef street,Other
151 W 34TH ST 10001,pizza bar,Pizza
151 W 51ST ST 10019,le bernardin privãƒâ©/wine bar,French
1511 WHITE PLAINS ROAD 10462,archer sports bar,American
1511 WILKINSON AVE 10461,skyline bar & lounge,American
152 MESEROLE AVENUE 11222,pit stop bar,"Bottled beverages, including water, sodas, juices, etc."
152 WEST   26 STREET 10001,rare bar  and  grill,Steak
152 WEST   52 STREET 10019,bar americain,American
1530 UNIVERSITY AVENUE 10452,shesha bar and lounge,"Latin (Cuban, Dominican, Puerto Rican, South & Central American)"
1534 3 AVENUE 10028,guzan japanese cuisine & bar,Japanese
1535 BROADWAY 10036,mariott marquis/crossroads bar,American
1540 VAN SICLEN AVE 11239,brooklyn juice bar,"Juice, Smoothies, Fruit Salads"
15417 ROOSEVELT AVENUE 11354,palazzo grill & bar,Asian
1549 ARTHUR KILL RD 10312,rookie's sports bar & grill,Other
155 5 AVENUE 11217,nana restaurant & bar,Asian
155 VARICK STREET 10013,city winery,American
1556 WILLIAMSBRIDGE RD 10461,the williamsbridge tavern,American
1559 RICHMOND ROAD 10304,max's es-ca restaurant and bar,American
156 E 33RD ST 10016,pino wine bar,American
157 EAST   55 STREET 10022,darbar grill,Indian
15712 NORTHERN BLVD 11354,tavern 157,Asian
158 AVENUE C 10009,east village tavern,American
158 EAST   23 STREET 10010,the globe bar & grill,American
158 EAST  116 STREET 10029,el barrio restaurant,"Latin (Cuban, Dominican, Puerto Rican, South & Central American)"
1583 2 AVENUE 10028,brady's bar,American
1591 2 AVENUE 10028,jack russell's pub,American
15915 JAMAICA AVENUE 11432,lets get juiced lucky's juice bar,"Juice, Smoothies, Fruit Salads"
1592 AMSTERDAM AVE 10031,clove indian restaurant bar,Indian
16 WEST   29 STREET 10001,the breslin bar & dinning room,English
16 WEST   29 STREET 10001,the breslin lobby bar & room service kitchen,American
16 WEST   29 STREET 10001,john dory oyster bar,Seafood
160 WEST   54 STREET 10019,old castle pub & restaurant,American
1602 GRAVESEND NECK ROAD 11229,anyway cafe bar,Russian
1605 BROADWAY 10019,brassierie 1605/broadway 49 bar & lounge (main kitchen),American
1607 YORK AVENUE 10028,bailey's corner pub,Irish
161 GRAND ST 11249,fresh kills bar,American
161 W 231ST ST 10463,new adventure juice bar,Spanish
16103 CROSSBAY BOULEVARD 11414,lenny's clam bar,Seafood
16118 NORTHERN BOULEVARD 11358,soo bar,Asian
16121 CROCHERON AVENUE 11358,late bar,Korean
1614 3 AVENUE 10128,kaia wine bar,African
1614 FOREST AVE 10302,o'neill's restaurant & bar,Irish
162 THROOP AVENUE 11206,genao restaurant & bar,"Latin (Cuban, Dominican, Puerto Rican, South & Central American)"
1629 2ND AVE 10028,wild horse tavern,American
163 E 92ND ST 10128,bar roma,Italian
163 VAN PELT AVE 10303,romance bar and restaurant,"Latin (Cuban, Dominican, Puerto Rican, South & Central American)"
1634 EASTCHESTER ROAD 10461,pine bar & grill,Italian
1635 AMSTERDAM AVENUE 10031,the grange bar & eatery,Chilean
1640 NOSTRAND AVENUE 11226,caribbean & american entertainment bar  lounge & restaurant,Caribbean
16410 NORTHERN BOULEVARD 11358,jjack bar-room,Korean
1646 MADISON AVE 10029,mr. good juice bar,"Juice, Smoothies, Fruit Salads"
16602 65 AVENUE 11365,millard fillmores tavern,American
1662 ATLANTIC AVENUE 11213,essence bar & restaurant,American
1664 1 AVENUE 10028,eastend bar & grill,American
167 8 AVENUE 10011,gym sports bar,American
167 EAST   33 STREET 10016,cask bar & kitchen,American
167 GRAND ST 11249,dim sum bar,Chinese
1672 3 AVENUE 10128,kinsale tavern,American
1682 1 AVENUE 10128,hughes tavern,American
169 EAST  106 STREET 10029,la fonda restaurant and tapas bar,"Latin (Cuban, Dominican, Puerto Rican, South & Central American)"
169 EAST BROADWAY 10002,169 bar,American
169 THOMPSON ST 10012,zz clam bar,American
16904 CROCHERON AVENUE 11358,breifne pub,Irish
1698 2 AVENUE 10128,shoga-sushi & oyster bar,Chinese
17 HARRISON AVENUE 10302,buddy's wonder bar,American
17 WEST   32 STREET 10001,vu bar,American
17 WILLIAMS AVE 11207,club house sports bar and lounge,American
17013 JAMAICA AVE 11432,502 bar restaurant,"Latin (Cuban, Dominican, Puerto Rican, South & Central American)"
1702 2 AVENUE 10128,rathbones pub,American
1708 2 AVENUE 10128,genesis bar & restaurant,Irish
171 1 AVENUE 10003,momofuku noodle bar,Asian
1710 UNIVERSITY AVENUE 10453,las banderas sport bar,Spanish
17102 JAMAICA AVE 11432,the lime  bar & lounge,Caribbean
17157 46TH AVE 11358,b.b's pub and grill,American
172 WAVERLY PLACE 10014,jeffrey's grocery restaurant & oyster bar,Seafood
17237 HILLSIDE AVE 11432,monte limar sport bar lounge,"Bottled beverages, including water, sodas, juices, etc."
1727 RICHMOND RD 10306,m & k spanish restaurant bar,Spanish
1728 2 AVENUE 10128,il vino city wine bar,Italian
173 WEST BURNSIDE AVENUE 10453,joshue deli & juice bar,"Latin (Cuban, Dominican, Puerto Rican, South & Central American)"
17306 JAMAICA AVE 11432,berbice bar  and  restaurant,Other
1731 2ND AVE 10128,il salumaio wine bar,Italian
1735 E 172ND ST 10472,legends bar & restaurant,Spanish
1739 2 AVENUE 10128,san matteo pizza espresso bar,Pizza
174 1 AVENUE 10009,nai tapas bar,Tapas
174 8 AVENUE 10011,el cid tapas bar & restaurant,Tapas
174 RIVINGTON ST 10002,174 rivington street bar,American
1742 2 AVENUE 10128,wine bar & ristorante,Italian
175 LUDLOW STREET 10002,taverna di bacco,Italian
175 SMITH STREET 11201,boat bar,American
1756 BRONXDALE AVENUE 10462,van nest lanes snack bar,American
176 12 MULBERRY STREET 10013,mulberry street bar,Italian
176 7 AVENUE 10011,bar veloce,American
176 E 174TH ST 10457,coneja juice bar,American
1773 NOSTRAND AVE 11226,l'unique bar & restaurant,Caribbean
178 WYCKOFF AVE 11237,la gualacena bar & restaurant,Spanish
18 WEST   33 STREET 10001,foley's n.y. pub and restaurant,Irish
180 GRAND STREET 11211,iona's bar,American
1801 26TH RD 11102,astoria craft bar & kitchen,American
1802 CROSSBAY BOULEVARD 11693,grassy point bar & grill,American
1802 WESTCHESTER AVENUE 10472,las camelias bar & restaurant,"Latin (Cuban, Dominican, Puerto Rican, South & Central American)"
18025 LINDEN BOULEVARD 11434,deja vu lounge & bar,American
1805 NOSTRAND AVE 11226,roof sports bar & grill,Caribbean
1810 FLATBUSH AVE 11210,casablanca bar & grill,Caribbean
1815 VICTORY BOULEVARD 10314,castelton corners pub,American
182 W 4TH ST 10014,slaughtered lamb pub,American
183 BLEEKER STREET 10012,bar    1849     grill,American
183 WEST   10 STREET 10014,bar  sardine,Japanese
18301 HORACE HARDING EXPRESSWAY 11365,emerald pub,American
184 8TH AVE 10011,chuck and blade - buns bar,Other
184 KENT AVE 11249,la nonna ristorante bar enoteca,Italian
18402 HORACE HARDING EXPY 11365,mian noodle bar,Asian
18417 JAMAICA AVENUE 11423,guayacan bar & lounge,"Latin (Cuban, Dominican, Puerto Rican, South & Central American)"
18435 JAMAICA AVENUE 11423,macumba bar & restaurant,"Latin (Cuban, Dominican, Puerto Rican, South & Central American)"
185 CHRISTOPHER STREET 10014,rock bar,American
18501 UNION TPKE 11366,meatos grill bar,Jewish/Kosher
18615 UNION TPKE 11366,sizzle shawarma & falafel bar,Jewish/Kosher
18704 HILLSIDE AVENUE 11432,la verite restaurant bar,American
188 BEDFORD AVENUE 11249,greenpoint tavern,American
188 GRAND ST 11211,bar omar,French
1883 VICTORY BOULEVARD 10314,the beer garden,American
189 WILSON AVENUE 11237,el castillo bar restaurant,Spanish
19 E 26TH ST 10010,black barn,American
19 WEST   44 STREET 10036,kellari taverna,Greek
1900 BROADWAY 10025,bar boulud,American
1901 EMMONS AVENUE 11235,momo hibachi steakhouse & bar,Japanese
1915 CONEY ISLAND AVENUE 11230,el tequilero ii bar,Mexican
192 3 AVENUE 10003,triona's bar restaurant,Irish
19202 NORTHERN BOULEVARD 11358,fresco bar cafe restaurant,Greek
1933 37 STREET 11105,singlecut beersmiths,American
1949 RICHMOND AVE 10314,ambiance wine & hookah lounge,Italian
196 2ND AVENUE 10003,juke bar,American
1975 VICTORY BOULEVARD 10314,legend's pub,American
198 UNION AVENUE 11211,evilolive pizza bar,Pizza
199 RUSSELL ST 11222,brooklyn ate bar,American
2 EAST   55 STREET 10022,the king cole bar and salon,American
2 LEXINGTON AVENUE 10010,rose & jade bars,American
2 PENN PLAZA 10121,"chop-n-toss cafe bar, red mango",American
2 PENN PLZ 10121,the pennsy bar,American
2 SNEDEN AVENUE 10312,play sports bar,American
2 W 32ND ST 10001,mandoo bar,Korean
2 WEST   32 STREET 10001,kirakuya sake bar,Asian
2 WEST MOUNT EDEN AVENUE 10452,27 sports bar & cafe,"Latin (Cuban, Dominican, Puerto Rican, South & Central American)"
20 EAST   76 STREET 10021,cafe boulud/bar pleiades,French
20 ELLIS STREET 10307,pinot's pallette,"Bottled beverages, including water, sodas, juices, etc."
20 ST MARKS PLACE 10003,grassroot tavern,American
200 5 AVENUE 11217,200 fifth avenue restaurant & sports bar,American
200 E 60TH STREET 10022,anassa taverna,American
200 NORTH   14 STREET 11249,the gutter bar,American
2001 STILLWELL AVENUE 11223,roma bar & grill,Eastern European
2007 127 STREET 11356,view de point/level royal bar,Asian
201 PARK AVE S 10003,irvington bar and restaurant,American
20103 MURDOCK AVENUE 11412,729 bar & grill,American
2014 29 STREET 11105,gussy's bar,American
2017 EMMONS AVENUE 11235,randazzo's clam bar,Seafood
202 EAST    7 STREET 10009,sake bar satsko,Japanese
202 WEST   36 STREET 10018,the pig & whistle pub,American
202 WEST   49 STREET 10019,playwright celtic pub,Irish
2028 WHITE PLAINS ROAD 10462,celeste's snack bar,American
203 AUDUBON AVE 10033,the heights bar & restaurant,Spanish
203 BEACH  116 STREET 11694,rogers irish tavern,Irish
203 E 85TH ST 10028,equinox juice bar,"Juice, Smoothies, Fruit Salads"
203 EAST   10 STREET 10003,chikalicious dessert bar,Other
2033 BARTOW AVE 10475,bagels on bartow,American
2048 86TH ST 11214,ritz bar,Chinese
205 COURT STREET 11201,tropic juice bar & grill,"Juice, Smoothies, Fruit Salads"
205 WEST   14 STREET 10011,flannery's bar,American
2055 VICTORY BOULEVARD 10314,schaffer's tavern,American
206 3 AVENUE 10003,sunburst espresso bar,American
206 W 41ST ST 10036,gleason's tavern,Other
207 2 AVENUE 10003,momofuku ssam bar,Asian
207 FRONT ST 10038,market bar,American
208 EAST 58 STREET 10022,bloom's tavern,American
208 MERCER STREET 10012,no ho juice bar & deli,Delicatessen
20811 35 AVENUE 11361,j.d.'s saloon bar,American
209 BEACH 116TH ST 11694,local liquids juice bar,"Juice, Smoothies, Fruit Salads"
21 WAVERLY PL 10003,white oak tavern,American
210 AVENUE A 10009,percy's tavern,Irish
210 W 35TH ST 10001,john sullivan's pub,American
210 W 94TH ST 10025,whispers bar and restaurant,American
210 WEST   50 STREET 10019,emmett o'lunney's irish pub,Irish
2100 FREDERICK DOUGLASS BOULEVARD 10026,harlem food bar,American
2102 30 AVENUE 11102,vesta trattoria & wine bar,Italian
211 E 4TH ST 10009,bibi winecellar,American
2115 WASHINGTON AVE 10457,deli grill juice and salad bar,American
2115 WILLIAMSBRIDGE RD 10461,mr. q's chinese & japanese bar restaurant,Chinese/Japanese
212 EAST   42 STREET 10017,lcl bar and kitchen,American
212 EAST   52 STREET 10022,bar mishima,Japanese
212 FRONT ST 10038,vbar seaport,American
212 NAGLE AVENUE 10034,agua roja bar & lounge,Spanish
2123 AVENUE Z 11235,the bras & pail bar,American
213 NORTH    8 STREET 11211,brooklyn winery,American
2130 BROADWAY 10023,beacon bar,American
214 KINGS HIGHWAY 11223,homestretch bar,American
21416 41 AVENUE 11361,donovan's grill & tavern,American
2153 8 AVENUE 10026,harlem tavern,American
216 7TH AVE 10011,zagara wine bar,Italian
216 MALCOLM X BLVD 11221,khemistry bar,Other
21606 JAMAICA AVENUE 11428,windies restaurant and bar,Caribbean
2178 BROADWAY 10024,locl bar,American
21793 HEMPSTEAD AVE 11429,fountain of youth juice bar & cafe,"Juice, Smoothies, Fruit Salads"
218 W 50TH ST 10019,cloud bar,"Bottled beverages, including water, sodas, juices, etc."
22 9 AVENUE 10014,bill's bar & burgers,Hamburgers
22 E 41ST ST 10017,annie moores pub & restaurant,American
22 EAST   38 STREET 10016,"whaler bar, cafe buon giorno",American
22 EAST   54 STREET 10022,papillon bistro & bar,French
22 W 46TH ST 10036,st. patrick's bar and grill,American
220 5TH AVE 10001,belgium beer cafe,French
220 8TH AVE 10011,milk bar chelsea,Other
220 WEST   44 STREET 10036,guy's american kitchen & bar,American
220 WYCKOFF AVE 11237,talon bar,Other
221 DYCKMAN STREET 10034,dyckman bar,American
2210 8 AVENUE 10026,moca bar & lounge,American
222 LAFAYETTE STREET 10012,ed's lobster bar,Seafood
2232 WHITE PLAINS RD 10467,"china mia exotic asian food, yogurt & juice bar",Chinese
22320 LINDEN BLVD 11411,grey dolphin sports bar & lounge,Caribbean
224 FRANKLIN STREET 11222,tbd bar,American
224-01 MERRICK BLVD 11413,lovells after dark bar and lounge,American
22407 UNION TURNPIKE 11364,staunton's bar restaurant,Irish
2241 1 AVENUE 10029,camaradas el barrio,Polynesian
2245 WESTCHESTER AVE 10462,fresh take juice bar,"Juice, Smoothies, Fruit Salads"
225 ELLIS ST 10307,south shore bar & grill,American
225 LIBERTY ST - SPACE #244 10281,blue ribbon sushi bar,Japanese
225 LIBERTY ST 10281,time inc. cafe and coffee bar,American
225 MAIN STREET 10307,b & e pub,"Bottled beverages, including water, sodas, juices, etc."
225 PARK AVE S 10003,florian cafe tattoria & bar,Italian
225 SULLIVAN STREET 10012,v-bar & cafe,American
225 WEST STREET 10013,pier 25 snack bar,American
2257 31 STREET 11105,o'hanlon's pub,Irish
2263 2 AVENUE 10035,colina bar,"Latin (Cuban, Dominican, Puerto Rican, South & Central American)"
227 DYCKMAN STREET 10034,corcho wine room,"Bottled beverages, including water, sodas, juices, etc."
227229 WEST 145 STREET 10039,reggae sun delights natural juice bar,"Juice, Smoothies, Fruit Salads"
228 1ST AVE 10009,taverna kyclades,Greek
228 W 72ND ST 10023,gebhard's beer culture,Other
2281 NOSTRAND AVENUE 11210,le banquet bar & restaurant,Caribbean
229 DYCKMAN ST 10034,maja's tapas restaurant bar,Spanish
229 EAST   53 STREET 10022,cello wine bar,American
229 EAST   84 STREET 10028,trinity pub,American
229 ROEBLING STREET 11211,passenger bar,American
23 EAST  233 STREET 10470,kelly's pub,American
23 EAST TREMONT AVENUE 10453,fantasy bar and restaurant,Spanish
230 PARK AVE 10169,bar suzette,American
230 PARK AVENUE 10003,lea wine bar,American
231 EAST   14 STREET 10003,beauty bar,American
2320 MCDONALD AVENUE 11223,lounge bar cave,Italian
2327 1ST AVE 10035,taqueria el barrio,Spanish
23312 HILLSIDE AVENUE 11427,winchesters pub,American
2335 ARTHUR AVENUE 10458,dominick's bar & restaurant,Italian
234 UNDERHILL AVENUE 11238,bar sepia,American
234 W 238TH ST 10463,mon amour coffee & wine,Sandwiches/Salads/Mixed Buffet
23416 LINDEN BLVD 11411,detoxx bar,"Juice, Smoothies, Fruit Salads"
2344 ARTHUR AVE 10458,the bronx beer hall,Italian
235 EAST   84 STREET 10028,brandy's piano bar,American
235 ELDRIDGE STREET 10002,bob bar,American
235 WEST   46 STREET 10036,paramount bar & grill,American
2366 86 STREET 11214,la parranda mexicana bar & restaurant,"Bottled beverages, including water, sodas, juices, etc."
2366 STEINWAY ST 11105,mijana lounge restaurant & bar,Middle Eastern
2367 8 AVENUE 10027,harlem bar-b-q,Barbecue
237 EAST    5 STREET 10003,fish bar,American
237 THIRD AVENUE 10003,paddy maguire's ale house,"Bottled beverages, including water, sodas, juices, etc."
237 WEST  105 STREET 10025,the abbey pub,Irish
238 MORNINGSTAR RD 10303,the crazy taco tequila bar,Mexican
24 9 AVENUE 10014,kobrick coffee co.,"Bottled beverages, including water, sodas, juices, etc."
24 GIFFORDS LANE 10308,talk of the town,"Bottled beverages, including water, sodas, juices, etc."
240 EAST    9 STREET 10003,sakebar decibel,Japanese
240 FLATBUSH AVE 11217,bleachers sports bar and grill,American
240 WEST   35 STREET 10001,jack doyles pub & restaurant,Irish
240 WEST   55 STREET 10019,mcgees pub,American
2401 29 STREET 11102,the sparrow tavern,American
2407 WESTCHESTER AVENUE 10461,coconut palm bar and grill,Caribbean
2412 3RD AVE 10454,mott haven bar & grill,American
2414 149 STREET 11357,parkside pub,American
242 E 50TH ST 10022,sofia wine bar,Other
242 EAST   50 STREET 10022,sofia wine bar & cafe,Italian
243 WEST   47 STREET 10036,ethel barrymore theater,American
243 WEST   54 STREET 10019,characters nyc bar & grill,Irish
245 EAST   55 STREET 10022,draught 55 bar & kitchen,American
245 EAST   81 STREET 10028,balon,"Bottled beverages, including water, sodas, juices, etc."
245 ELDRIDGE ST 10002,bar goto,Japanese
245 S 1ST ST 11211,bar 245,American
245 W 17TH ST 10011,guckenheimer @ twitter nyc coffee bar,American
2460 WILLIAMSBRIDGE ROAD 10469,alba bar cafe,Other
247 DEKALB AVE 11205,brooklyn public house,American
247 SMITH ST 11231,nunez bar lounge,Tapas
247 W 30TH ST 10001,american whiskey,American
247 WEST   37 STREET 10018,stitch bar,American
247 WEST BROADWAY 10013,tribeca tavern,American
2476 ARTHUR AVENUE 10458,mug-z's sports bar,American
2488 3RD AVE 10454,el gustico dominicano restaurant & bar,"Latin (Cuban, Dominican, Puerto Rican, South & Central American)"
249 9TH AVE 10001,jun-men ramen bar,Japanese
249 VARET ST 11206,gran bar,American
25 BRIDGE STREET 10004,white horse tavern,American
25 MADISON AVE 10010,sony hub/coffee bar,American
25 WEST   32 STREET 10001,chorus music studio/ chorus karaoke lounge bar,Korean
25 WEST HOUSTON STREET 10012,burger & barrel,American
250 WEST   14 STREET 10011,mckenna's pub,American
2503 3 AVENUE 10451,los choritos sports bar,"Latin (Cuban, Dominican, Puerto Rican, South & Central American)"
2509 AC POWELL BLVD 10039,harlem green parrot bar and lounge,American
251 West 51 St 10019,mchale's bar & grill,Irish
252 8 AVENUE 10011,the fork bar & grill,American
252 W 29TH ST 10001,haymaker bar & kitchen,American
252 WEST   14 STREET 10011,ipanema bar,Spanish
252 WEST   47 STREET 10036,glass house tavern,American
2522 STEINWAY ST 11103,new mombar inc,Egyptian
2525 BOSTON POST ROAD 10467,gasolina bar lounge,American
253 WEST   55 STREET 10019,east japanese restaurant/ bar,Japanese
25332 NORTHERN BOULEVARD 11362,good company tavern,American
254 5TH AVE 11215,grand central oyster bar brooklyn,American
254 SOUNDVIEW AVE 10473,maravilla's bar & grill,Spanish
254 WEST   72 STREET 10023,sugar bar,American
254B E GUNHILL RD 10467,s & r le juice bar,"Juice, Smoothies, Fruit Salads"
25509 NORTHERN BOULEVARD 11362,la baraka restaurant,French
256 EAST  138 STREET 10451,oze tavern,American
2562 STEINWAY ST 11103,cleopatra cafe,"Bottled beverages, including water, sodas, juices, etc."
257 AVENUE U 11223,joe's bar & grill,American
2574 ARTHUR KILL ROAD 10309,mollie ryan's publick house,American
258 WEST 15 STREET 10011,pierre loti cafe & wine bar,Turkish
259 5TH AVE 11215,brooklyn burger & beer restaurant,American
259 EAST   10 STREET 10009,molecule water store,"Bottled beverages, including water, sodas, juices, etc."
259 SAINT NICHOLAS AVE 11237,june bar,American
259 WEST   19 STREET 10011,socarrat (paella bar and wine bar),Spanish
259A KINGSTON AVE 11213,maxwell restaurant and bar,American
25A-27 EAST BEDFORD PARK BLVD 10468,madden's pub,American
26 CARMINE STREET 10014,noodle bar,Asian
26 EAST   63 STREET 10065,club macanudo (cigar bar),American
26 GREENWICH AVE 10011,le baratin,French
26 W 8TH ST 10011,arts and crafts beer parlor,American
260 COURT STREET 11231,buddy's burrito & taco bar,Tex-Mex
2602 23 AVENUE 11105,corner taverna,Greek
2611 BATH AVE 11214,memories bar shevroja,Eastern European
2612 HOYT AVE S 11102,z bar,American
2619 23RD AVE 11105,e taverna,Greek
263 NORTH    6 STREET 11211,pinkerton wine bar,American
2634 EAST TREMONT AVENUE 10461,mcdermott's pub,American
264 BLEECKER STREET 10014,murray's cheese bar,American
264 SHERMAN AVE 10034,bleu beauty bar,Tapas
2647 FREDERICK DOUGLASS BLVD 10030,cari wine bar & restaurant,Other
2649 WEBSTER AVENUE 10458,el vaquero barras,"Latin (Cuban, Dominican, Puerto Rican, South & Central American)"
26511 UNION TURNPIKE 11040,tavern 18,American
2655 RICHMOND AVENUE 10314,the juice bar,Fruits/Vegetables
266 IRVING AVE 11237,dromedary bar,American
2661 BROADWAY 10025,cool fresh juice bar,"Juice, Smoothies, Fruit Salads"
267 MADISON AVENUE 10016,mulligan's pub,Irish
268 6 AVENUE 10014,bar pitti,Italian
269 NORMAN AVENUE 11222,the place bar & lounge,American
27 W 120TH ST 10027,barawine,French
27 WEST   35 STREET 10001,playwright tavern,Irish
270 3 AVENUE 11215,canal bar,American
270 W 43RD ST 10036,foundry kitchen & bar,American
271 ADELPHI ST 11205,wallabout bay seafood restaurant & bar,Seafood
271 WEST  119 STREET 10026,billie's black bar lounge and restaurant,Soul Food
27111 UNION TPKE 11040,thomas schanz sports bar,American
2712 WHITE PLAINS ROAD 10467,el rey de copas restaurant & bar,Mexican
272 GRAND STREET 11211,midway bar,American
2722 GERRITSEN AVE 11229,beach bar,American
274 FLATBUSH AVENUE 11217,bklyn crepe and juice bar,"Juice, Smoothies, Fruit Salads"
275 SMITH STREET 11231,the wing bar,American
275 WEST   22 STREET 10011,barracuda bar,American
2756 BROADWAY 10025,west end hall beer garden,American
277 GOLD ST 11201,brownstone bar & restaurant,American
277 SMITH ST 11231,ravioli wine bar,Italian
2776 WEBSTER AVE 10458,rafaelina restaurant & bar corp,Spanish
2794 BROADWAY 10025,tara hill irish tavern,American
28 CLIFF STREET 10038,ryan maguire's bar & restaurant,American
28 DOOLEY STREET 11235,draft barn,American
28 E KINGSBRIDGE RD 10468,o'briens pub,Irish
28 WEST   32 STREET 10001,gagopa music studio,"Bottled beverages, including water, sodas, juices, etc."
28 WEST   32 STREET 10001,wa bar,Continental
28 WEST 8 STREET 10011,8th street winecellar,American
28 WEST STREET 10004,inatesso pizza bar casano,Pizza/Italian
280 SMITH STREET 11231,bar great harry,American
2805 CROSS ISLAND PARKWAY 11360,bayside marina snack bar,American
2808 21 STREET 11102,el ancla de astoria restaurant & bar,Peruvian
2808 34 STREET 11103,off the hook raw bar & grill,Seafood
2811 23RD AVE 11105,telly's taverna,Greek
2817 CONEY ISLAND AVE 11235,tsob-tsobe cafe lounge bar,Turkish
282 ATLANTIC AVENUE 11201,two8two bar & burger,American
2826 STEINWAY STREET 11103,heaven sports bar,American
2843 STEINWAY ST 11103,riou bar lounge,Spanish
2848 31 STREET 11102,irish whiskey bar,Irish
2850 BROADWAY 10025,mel's burger bar,Hamburgers
286 COLUMBUS AVENUE 10023,wine and roses bar and cafe,American
2867 BROADWAY 10025,the heights bar & grill,Tex-Mex
288 ELIZABETH STREET 10012,tom and jerry bar,American
29 EAST    3 STREET 10003,whiskey town,American
29 GREAT JONES STREET 10012,great jones juice bar,"Juice, Smoothies, Fruit Salads"
290 WILD AVE 10314,lillies restaurant & bar,Mediterranean
291 HOOPER ST 11211,rumba bar & lounge,"Latin (Cuban, Dominican, Puerto Rican, South & Central American)"
2918 BRUCKNER BOULEVARD 10465,boulevard tavern,Irish
2919 24 AVENUE 11102,bohemian beer garden,Czech
2926 AVENUE S 11229,buckley's bar & restaurant,American
293 PORT RICHMOND AVE 10302,mammy's sports bar,Spanish
294 3 AVENUE 10010,the pizza pub / ampersand,Pizza
294 E BURNSIDE AVE 10457,burnside beer & wine cafeteria,Other
295 LAFAYETTE ST 10012,chefs club by food & wine,French
2953 GRAVESEND NECK ROAD 11229,jp's bar,American
2960 RICHMOND TER 10303,luk & bart homemade food,Polish
298 BEDFORD AVENUE 11249,bar oysters,Seafood
299 BOWERY 10003,dbgb kitchen & bar,French
2997 WESTCHESTER AVE 10461,bases loaded sports bar,American
3 HYATT STREET 10301,jimmie steiny's pub,American
30 WATER STREET 10004,dead rabbit tavern,Irish
300 SPRING ST 10013,union bar & kitchen,American
300 WEST   40 STREET 10018,beer authority,American
300 WEST   43 STREET 10036,timescare bar lounge,American
300 WEST 43RD STREET 10036,lol new york,"Bottled beverages, including water, sodas, juices, etc."
3000 EMMONS AVENUE 11235,knights of baron dekalb,American
3005 ASTORIA BLVD 11102,jimbos bar & restaurant,Greek
3007 FORT HAMILTON PKWY 11218,fina pizza bar,Pizza/Italian
3009 21 STREET 11102,the barn,American
301 EAST   91 STREET 10128,biddy's pub,American
3011 30 AVENUE 11102,athens el grill restaurant & bar,Mexican
3018B ASTORIA BLVD 11102,svl bar,Greek
302 EAST   92 STREET 10128,reif's tavern,American
302 IRVING AVENUE 11237,tropical bar,Spanish
3023 CHURCH AVENUE 11226,queen bee's tavern,American
303 LEXINGTON AVENUE 10016,rare bar & grill,American
304 5 AVENUE 11215,loki bar & benchmark restaurant,American
304 CITY ISLAND AVE 10464,city island diner /snug bar,American
3042 NOSTRAND AVENUE 11229,costello's claddagh inn,"Bottled beverages, including water, sodas, juices, etc."
306 ELLERY ST 11206,the pump juice bar,"Juice, Smoothies, Fruit Salads"
307 SMITH ST 11231,bar san miguel,American
307 TOMPKINS AVE 11216,the bush doctor juice bar,"Juice, Smoothies, Fruit Salads"
307311 FLATBUSH AVENUE 11217,burrito bar,Tex-Mex
3076 EMMONS AVENUE 11235,sheepshead bay yacht club bar,American
308 FRANKLIN AVE 11238,munchies juice bar,"Juice, Smoothies, Fruit Salads"
3093 38TH ST 11103,fusion juice bar,"Juice, Smoothies, Fruit Salads"
31 8 AVENUE 10014,tavern on jane,American
310 BOWERY 10012,310 bowery bar,American
3101 34 AVENUE 11106,el boqueron tapas bar & restaurant,Tapas
3104 CRESCENT ST 11106,kelly's bar,American
3106 31 STREET 11106,mermaid sports bar,Pizza
3106 BROADWAY 11106,mcloughlins bar,Irish
311 CHURCH STREET 10013,macao  restuarant and bar,Asian
311 E 76TH ST 10021,green life juice bar,"Juice, Smoothies, Fruit Salads"
312 WEST   58 STREET 10019,coliseum bar restaurant,American
3120 CONEY ISLAND AVE 11235,wise espresso bar,Eastern European
3121 QUENTIN ROAD 11234,bullseye sports pub,American
3129 DITMARS BOULEVARD 11105,mp taverna,Greek
313 39TH ST 11232,masha li/tian shang ren jian bar,Chinese
313 CHURCH STREET 10013,church street tavern,American
315 5TH AVE 11215,el habanero tex-mex restaurant bar,Tex-Mex
315 W 39TH ST 10018,tir na nog bar and grill,Irish
3151 BROADWAY 10027,el porton bar & restaurant,Mexican
3162 FULTON STREET 11208,gate way beer garden,Caribbean
3163 BROADWAY 10027,oasis jimma juice bar,"Juice, Smoothies, Fruit Salads"
3168 EAST TREMONT AVENUE 10461,sapito's sports bar & grill,Spanish
317 COLUMBIA STREET 11231,jalopy tavern,American
318 GRAND STREET 11211,full circle bar,American
3186 31 STREET 11106,daly's pub,American
3186 37 STREET 11103,winegasm,French
32 MULBERRY STREET 10013,le baron,American
3201 PHILIP AVE 10465,p.j. brady's tavern,American
3202 LINDEN PL 11354,soho ktv & bar,Chinese
3208 BROADWAY 11106,break bar & billards,American
321 WEST   44 STREET 10036,new york beer company,American
3216 STEINWAY ST 11103,brik bar lounge & kitchen,American
3219 FULTON ST 11208,blue parrot bar,American
322 2 AVENUE 10003,gramercy park bar,American
322 WEST   46 STREET 10036,bar centrale,American
3234 AVENUE B 10009,mama's bar,American
324 SPRING STREET 10013,kana tapas bar & restaurant,Tapas
325 BOWERY 10003,bar primi,Italian
325 E 5TH ST 10003,goloka juice bar,"Juice, Smoothies, Fruit Salads"
325 EAST   48 STREET 10017,elite food bar,American
3255 FRANCIS LEWIS BLVD 11358,flb's pub,American
328 WEST 45TH STREET 10036,beer culture,American
3289 WESTCHESTER AVENUE 10461,villa barone,Italian
329 HENRY STREET 11201,henry public,American
3290 36 STREET 11106,cafe bar,Mediterranean
3294 ATLANTIC AVENUE 11208,el cacique bar restaurant,"Latin (Cuban, Dominican, Puerto Rican, South & Central American)"
33 UNIVERSITY PLACE 10003,knickerbocker bar & grill,American
3301 DITMARS BLVD 11105,the sandwich bar,American
3301 GREENPOINT AVENUE 11101,bantry bay publick house,Irish
331 E 81ST ST 10028,bar prima,American
331 EAST  204 STREET 10467,mcdwyers pub,Irish
33-16 23 AVENUE 11105,astoria tavern,Irish
332 LAFAYETTE STREET 10012,temple bar,American
3329 ASTORIA BLVD 11103,republic bar,Italian
333 ADAMS STREET 11201,the great room bar,American
334 AUDUBON AVENUE 10033,bon bon juice bar & grill,"Juice, Smoothies, Fruit Salads"
335 BOWERY 10003,the bowery hotel bar,American
336 STATE ST 11217,grand army bar,Seafood
336 THIRD AVENUE 10010,fitzgerald's pub,American
337 3RD AVE 10010,rose hill tavern,American
3377 BOSTON RD 10469,king barka jamaican,Caribbean
3386 ATLANTIC AVENUE 11208,el nuevo barzola restaurant,Spanish
339 ADAMS ST 11201,rocco's tacos & tequila bar,Mexican
339 EAST 10 STREET 10009,blind barber,American
34 DOWNING STREET 10014,blue ribbon bar,American
3404 36 AVENUE 11106,veronica's bar,Irish
3410 31ST AVE 11106,zenon taverna greek restaurant,Greek
3410 CHURCH AVE 11203,snatch & go internet cafe & juice bar,"Juice, Smoothies, Fruit Salads"
3415 14 AVENUE 11218,taqueria restaurante mi bario,Mexican
3419 STEINWAY STREET 11101,el foruma night club and bar,"Latin (Cuban, Dominican, Puerto Rican, South & Central American)"
342 WEST   40 STREET 10018,collage bistro & bar,American
3424 BROADWAY 10031,picante mexican bar and grill restaurant,Mexican
343 BROOME STREET 10013,randolph beer,American
344 3RD AVENUE 10010,promenade bar grill sushi,American
344 E 6TH ST 10003,burrito bar la esquina,Mexican
3441 JEROME AVENUE 10467,oasis restaurant & sports bar,Spanish
3447 BAYCHESTER AVE 10469,jamex sports bar,Caribbean
345 ADAMS ST 11201,hill country barbecue market,Barbecue
345 W 35TH ST 10001,the gastro bar,Tapas
3454 BROADWAY 10031,la cantina ecua-mex bar & billiard,Mexican
3455 32ND STREET 11106,snowdonia pub,English
346 WEST   46 STREET 10036,bourbon street bar and grille,American
347 BROADWAY 11211,las tainas bar & restaurant,"Latin (Cuban, Dominican, Puerto Rican, South & Central American)"
349 BROADWAY 11211,zamaan hookah bar,Middle Eastern
3496 BROADWAY 10031,solace bar & grill,Spanish
35 ANDROVETTE STREET 10309,daddyo's barbeque and sports bar,Barbecue
35 CANAL STREET 10002,clandestino cafe and bar,French
35 EAST   13 STREET 10003,bar 13,American
35 INGRAHAM STREET 11206,alaska bar,American
35 WEST    8 STREET 10011,whiskey social,American
35 WEST   57 STREET 10019,the great american health bar,American
350 5TH AVE 10118,state grill and bar,American
350 7 AVENUE 10001,seven bar & grill,American
350 EAST   53 STREET 10022,parnell's pub,Irish
3502 DITMARS BLVD 11105,two lizards mexican bar & gril,Other
3503 BROADWAY 11106,portalia ristorante bar and lounge,Italian
351 WEST   57 STREET 10019,dj reynolds pub and restaurant,Irish
3511 BOSTON RD 10469,tranquility bar & lounge,American
352 E GUN HILL RD 10467,el encuentro restaurant bar corp,Other
352 EAST GUN HILL ROAD 10467,el encuentro restaurant bar & lounge,"Latin (Cuban, Dominican, Puerto Rican, South & Central American)"
3524 3RD AVE 10456,retro blends smoothie bar,"Juice, Smoothies, Fruit Salads"
3525 FARRINGTON STREET 11354,magna bar & restaurant,Italian
353 WEST   57 STREET 10019,library bar,American
3535 RIVERDALE AVE 10463,truffa wine room,Pizza
354 3 AVENUE 10010,abbey tavern,American
355 FOOD CENTER DRIVE 10474,snack bar (located between a-b between fancy food and masters),American
3559 95TH ST 11372,el reencuentro bar restaurant,Spanish
356 W 44TH ST 10036,quinn's bar & grill,American
356 WEST   58 STREET 10019,sky terrace bar,American
3564 95TH ST 11372,emily bar restaurant,Spanish
358 EAST   57 STREET 10022,neary's pub,American
358 W 46TH ST 10036,sake bar hagi 46,Japanese
359 BEDFORD AVENUE 11211,delaney barbecue,Barbecue
36 WEST   33 STREET 10001,jack demsey's pub,Irish
36 WILSON AVE 11237,the little whiskey,American
36 WILSON AVENUE 11237,cain's tavern,American
360 WEST   23 STREET 10011,westside tavern,American
361 6TH AVE 10014,joy burger bar,Hamburgers
361 GRAHAM AVENUE 11211,oak wine bar & restaurant,Eastern European
3612 BROADWAY 10031,harlem public restaurant,American
3615 DITMARS BOULEVARD 11105,mccann's pub,Irish
3619 24TH AVE 11103,albatross bar,American
362 E 21ST ST 10010,8th wonder juice bar,"Juice, Smoothies, Fruit Salads"
3628 BROADWAY 10031,unione restaurant & bar,Italian
363 5 AVENUE 11215,ginger's bar,Irish
363 WEST BROADWAY 10013,broome street bar,American
3638 BAILEY AVE 10463,khalle bar and grill,Other
364 LEWIS AVENUE 11233,therapy wine bar,American
3648 BAILEY AVE 10463,tilila bar & grill,Tapas
365 W 51ST ST 10019,xai xai wine bar,American
366 W 52ND ST 10019,takoyaki bar,Other
367 METROPOLITAN AVE 11211,the federal bar brooklyn,American
369 36 STREET 11232,la guarida bar,"Latin (Cuban, Dominican, Puerto Rican, South & Central American)"
369 WEST   46 STREET 10036,the ritz bar & lounge,American
37 E 29TH ST 10016,wolfetone's irish pub & kitchen,American
37 W 54TH ST 10019,new york thai grill  & sushi bar,Japanese
37 WEST   32 STREET 10001,shilla korean barbecue house,Korean
370 7 AVENUE 10001,harrington's bar & grill,American
370 LEWIS AVENUE 11233,beso restaurant and bar,"Latin (Cuban, Dominican, Puerto Rican, South & Central American)"
3710 30TH AVE 11103,butcher bar,Barbecue
3713 RIVERDALE AVE 10463,blackstone  bar and grill,American
3718 EAST TREMONT AVENUE 10465,brewski's bar & grill,American
3722 73 STREET 11372,khaabar baari,Bangladeshi
373 CHAUNCEY ST 11233,noel's bar & grill,Other
373 WEST   46 STREET 10036,hourglass tavern,American
374 EAST  204 STREET 10467,el paso del vaquero taqueria & bar,Mexican
37-65 103 STREET 11368,pasiones bar,"Latin (Cuban, Dominican, Puerto Rican, South & Central American)"
377 BEACH   92 STREET 11693,bungalow bar & restaurant,American
3785 VICTORY BOULEVARD 10314,mug shots,American
379 3RD AVE 10016,fuel grill and juice bar,"Juice, Smoothies, Fruit Salads"
38 WEST   32 STREET 10001,5bar karaoke,Korean
380 3 AVENUE 10016,tavern on the third,American
3804 BROADWAY 11103,raven's head public house,American
3812 104TH ST 11368,el palo bar restaurant,"Latin (Cuban, Dominican, Puerto Rican, South & Central American)"
3814 BROADWAY 11103,cronin & phelan pub & restaurant,Irish
3821 69 STREET 11377,69 bar lounge,"Bottled beverages, including water, sodas, juices, etc."
3823 RICHMOND AVE 10312,joyce's tavern,Other
3831 BELL BOULEVARD 11361,avli the little greek tavern,Greek
3848 WHITE PLAINS ROAD 10467,infinity bar,Other
388 UNION AVENUE 11211,barcade,American
389 8 AVENUE 10001,walter's bar,Other
3892 BROADWAY 10032,la barca restaurant,"Latin (Cuban, Dominican, Puerto Rican, South & Central American)"
390 EAST  204 STREET 10467,la nueva estrella bar & restaurant,"Latin (Cuban, Dominican, Puerto Rican, South & Central American)"
3910 BROADWAY 10032,heights tavern,American
3915 192 STREET 11358,mccabe's bar car,Irish
3916 COLLEGE POINT BLVD 11354,a+ roof bar,Other
3917 BELL BLVD 11361,beer belly's,American
392 WOODWARD AVE 11385,sabores restaurant & bar,Other
3920 104 STREET 11368,la oficina bar,American
3923 BELL BLVD 11361,kenta sushi bar,Japanese
3924 BELL BOULEVARD 11361,local bar and grill,American
393 EAST  198 STREET 10458,caminito sports bar and billiard,"Bottled beverages, including water, sodas, juices, etc."
3931 QUEENS BLVD 11104,ot rest & bar,Greek
3932 AMBOY RD 10308,flanagan's tavern,American
3937 AMBOY RD 10308,bam sportsbar & grill,Other
395 E 151ST ST 10455,619 bar & restaurant el salvadoreno,"Latin (Cuban, Dominican, Puerto Rican, South & Central American)"
3950 61 STREET 11377,station bar,Irish
3973 BRONXWOOD AVE 10466,best choice caribbean restaurant and juice bar,Caribbean
3976 61 STREET 11377,dugout pub,Irish
399 GREENWICH ST 10013,greenwich street tavern,American
4 PENN PLAZA 10121,bar (garden bar 6th floor),"Bottled beverages, including water, sodas, juices, etc."
4 PENN PLZ 10121,beer pub (bridge pub),American
4 PENN PLZ 10121,beer pub (garden pub6th),Other
4 PENN PLZ 10121,bar (bar madison),American
4 PENN PLZ 10121,bar at the garden,American
4 PENN PLZ 10121,bar garden,American
4 PENN PLZ 10121,gold bar a bts,American
4 PENN PLZ 10121,gold bar b bt6,American
4 PENN PLZ 10121,farley's bar,American
4 PENN PLZ 10121,event level club (delta sky 360 bar),American
4 PENN PLZ 10121,bar,American
4 PENN PLZ 10121,garden pub,American
40 EAST    4 STREET 10003,b bar and grill,American
40 WEST   40 STREET 10018,cellar bar - the bryant park hotel,American
4009 BELL BLVD 11361,sol bar & grill,American
401 WEST   52 STREET 10019,casellula cheese & wine cafe,American
40-19 BELL BOULEVARD 11426,pyramids hookah and bar,American
4019 BROADWAY 11103,pollos a la barasa mario,"Latin (Cuban, Dominican, Puerto Rican, South & Central American)"
402 8 AVENUE 10001,molly wee pub,Irish
4029 HYLAN BOULEVARD 10308,dugout pub south,American
40-45 235TH STREET 11363,wine time,American
405 WEST   44 STREET 10036,wine escape,American
4055 BROADWAY 10032,marcha cocina bar,American
407 8 AVENUE 10001,tempest bar,Irish
41 EAST   11 STREET 10003,pop pub,American
41 EAST   30 STREET 10016,wine 30,Mediterranean
410 8 AVENUE 10001,the blarney stone pub & restaurant,American
4100 EAST TREMONT AVENUE 10465,bridges bar,American
4107 99 STREET 11368,"delicias cuencanas bar-restaurant deli,","Latin (Cuban, Dominican, Puerto Rican, South & Central American)"
4109 150 STREET 11355,paradise alley bar,American
411 11 STREET 11215,bar toto,Italian
4115 QUEENS BLVD 11104,maggie mae's,"Bottled beverages, including water, sodas, juices, etc."
4120 16 AVENUE 11204,sushi k bar,Japanese
41-26 CRESCENT STREET 11101,the baroness bar,French
413 EAST   70 STREET 10021,the allie way sports bar,American
413 EAST  241 STREET 10470,homestyle food services (st. barnabas high school),American
4139 BROADWAY 10033,el conde nuevo bar & restaurant,Spanish
414 EAST  138 STREET 10454,414 latino restaurant sports bar,Mexican
4146 54TH ST 11377,weekender billiard & bar,Asian
415 FOREST AVE 10301,afternoones restaurant & bar,American
416 BEACH  116 STREET 11694,wharf bar and grill,American
416 CHURCH AVE 11218,church cafe wine bar,Sandwiches/Salads/Mixed Buffet
41684172 BROADWAY 10033,tipico dominicano bar restaurant,"Latin (Cuban, Dominican, Puerto Rican, South & Central American)"
4183 BOWNE STREET 11355,beijing style barbeque,Chinese
42 EAST   20 STREET 10003,gramercy tavern,American
42 W 48TH ST 10036,sean's bar & kitchen,American
42 WEST   44 STREET 10036,bar association of the city of ny kitchen,American
4201 CHURCH AVENUE 11203,the oval sports bar & lounge,Caribbean
4203 QUEENS BOULEVARD 11104,turkish grill restaurant & bar,Turkish
421 9 AVENUE 10001,twins pub,Irish
421 BEACH 129 STREET 11694,jamesons pub,American
421 HUDSON ST 10014,equinox printing house juice bar,"Juice, Smoothies, Fruit Salads"
4212 BROADWAY 11103,estacion  grill & bar,Spanish
4217 102 STREET 11368,la flaca coffee shop restaurant and bar,Spanish
422 AMSTERDAM AVE 10024,beer shop,Other
422 EAST    9 STREET 10009,good beer,"Bottled beverages, including water, sodas, juices, etc."
425 AMSTERDAM AVENUE 10024,mcaleer's pub,Irish
425 LAFAYETTE STREET 10003,joe's pub,American
425 LEXINGTON AVENUE 10017,simpson thacher and bartlet cafe,American
425 MAIN STREET 10044,riverwalk bar & grill express,American
425 WEST   15 STREET 10011,bar suzette creperie,French
4272 KATONAH AVENUE 10470,john mulligan's fireside pub,American
4279 KATONAH AVE 10470,just one tavern,"Bottled beverages, including water, sodas, juices, etc."
4299 KATONAH AVE 10470,behan's pub,Irish
43 MOTT STREET 10013,next bar & lounge,Chinese
43 WEST   26 STREET 10010,grey bar & restaurant,American
430 2ND AVE 10010,love cafe & bar,Eastern European
430 2ND AVE 10010,love cafe and bar,Eastern European
4302 43RD AVE 11104,the lowery bar & kitchen,Other
4306 43 STREET 11104,bar & grill 43,American
4316 QUEENS BOULEVARD 11104,malingo restaurant & bar,Japanese
4317 QUEENS BOULEVARD 11104,the gaslight bar,American
4318 BROADWAY 10033,21 bar,American
432 EAST   13 STREET 10009,key bar,American
432 FRANKLIN AVENUE 11238,tip-top bar & grill,American
43-20 31 AVENUE 11103,acapulco bar restaurant,"Latin (Cuban, Dominican, Puerto Rican, South & Central American)"
4320 GREENPOINT AVENUE 11104,mi nuevo rancho bar & restaurant,Mexican
433 PARK AVENUE SOUTH 10016,desmond's tavern,American
4340 WHITE PLAINS ROAD 10466,cullen's tavern,American
4344 KATONAH AVENUE 10470,the coachman 's inn  bar,American
435 EAST  153 STREET 10455,el chicanito restaurant bar,Mexican
44 BERRY STREET 11249,the whiskey brooklyn,American
44 TRINITY PL 10006,wogies bar & grill,American
44 W 63RD ST 10023,empire hotel bar,American
440 5 AVENUE 11215,smith tavern,American
44-07 QUEENS BLVD 11104,venturo osteria &wine bar,Italian
4408 60TH ST. - STORE 11377,charlies sports bar,American
441 7 AVENUE 11215,thistlehill tavern,American
441 EAST    6 STREET 10009,cherry tavern,American
4410 AVENUE H 11234,aura bar & lounge,American
4414 8TH AVE 11220,hunter bar  888,Chinese
4429 9TH ST 11101,fushia restaurant & bar,Japanese
446 PARK PLACE 11238,half court sports bar,American
4463 BROADWAY 10040,locksmith wine & burger bar,American
4476 BROADWAY 10040,buddha beer bar,American
45 EAST   18 STREET 10003,old town bar & restaurant,Chilean
45 EAST   28 STREET 10016,the churchill tavern,English
45 ROCKEFELLER CENTER 10020,bill's bar & burger rockefeller center,American
450 W 33RD ST 10001,rga cafe & coffee bar (merill lynch),American
4502 JUNCTION BOULEVARD 11368,el coyote bar,"Latin (Cuban, Dominican, Puerto Rican, South & Central American)"
4503 162 STREET 11358,blutos pub,American
4503 5 AVENUE 11220,la cucina mexican grill and cantina bar,Mexican
4506 48TH AVE 11377,the jar bar,Irish
4507 DITMARS BOULEVARD 11105,loukoumi taverna,Greek
451 MEEKER AVENUE 11222,r bar,American
451455 MORRIS PK AVE 10460,bar & restaurant el salvadoreno,"Latin (Cuban, Dominican, Puerto Rican, South & Central American)"
4518 BELL BOULEVARD 11361,cue bar,American
4521 AVENUE N 11234,saigon bar and grill,Vietnamese/Cambodian/Malaysia
454 VAN BRUNT ST 11231,hometown bar-b-que,Barbecue
455 EAST  114 STREET 10029,rao's bar & grill,Italian
455 MYRTLE AVE 11205,bar bolinas,Californian
455 W 48TH ST 10036,pocket bar nyc,American
4550 46TH ST 11104,kukoo bar,Other
4558 VERNON BOULEVARD 11101,l. i. c. bar,Irish
457 39TH ST 11232,constantine restaurant and bar,American
457 THRID AVENUE 11215,bar tano,Italian
457 WEST   17 STREET 10011,artichoke basille's pizza & bar,Pizza/Italian
46 BEDFORD STREET 10014,the village tavern,American
460 W 34TH ST 10001,rocky's bar & restaurant,Pizza/Italian
4602 SKILLMAN AVENUE 11104,claret wine bar,American
4612 GREENPOINT AVE 11104,el potrero sport bar,"Latin (Cuban, Dominican, Puerto Rican, South & Central American)"
4619 30 AVENUE 11103,dillingers pub & grill,American
4620 5 AVENUE 11220,fuego royal restaurant bar,Mexican
4640 3 AVENUE 10458,fiesta cafe bar,"Latin (Cuban, Dominican, Puerto Rican, South & Central American)"
4642 VERNON BOULEVARD 11101,alobar restaurant,American
4653 WHITE PLAINS RD 10470,oasis restaurant & bar,American
47 EAST   29 STREET 10016,tavern 29,American
47 EAST HOUSTON STREET 10012,botanica bar,American
47 W 55TH ST 10019,akbar palace,Indian
4706 CHURCH AVENUE 11203,the hills restaurant and bar,Caribbean
4714 GREENPOINT AVENUE 11104,paddy duggans pub,"Bottled beverages, including water, sodas, juices, etc."
472 KINGS HIGHWAY 11223,tijuana sports bar,American
4720 BELL BOULEVARD 11361,laterna taverna,Greek
4720 CENTER BLVD 11109,blvd wine bar,American
4722 30 AVENUE 11103,shillelagh tavern,American
4734 VERNON BLVD 11101,gizi  wine cheese and  chocolate,American
4740 BROADWAY 10040,tryon public house,American
4746 11TH ST 11101,jora restaurant and bar,Peruvian
477 AMSTERDAM AVENUE 10024,hi life bar & grill,American
48 WYCKOFF AVENUE 11237,the owl juice pub,"Juice, Smoothies, Fruit Salads"
480 WEST   42 STREET 10036,signature cafe and bar,American
482 COURT STREET 11231,mini bar,American
483 39 STREET 11232,bar 483,American
4892 BROADWAY 10034,inwood beer garden & bistro,American
49 ANN STREET 10038,w xyz bar,Other
491 ATLANTIC AVENUE 11217,la flor del paraiso bar & restaurant,Mexican
4910 3 AVENUE 11220,juquilita bar,"Latin (Cuban, Dominican, Puerto Rican, South & Central American)"
4910 SKILLMAN AVE 11377,the globe tavern,Irish
492 5TH AVE 11215,la royale beer burger house,Mediterranean
492 GRAND ST 11211,abba bar and grill,Tapas
4922 FORT HAMILTON PKWY 11219,health addict grill and juice bar,Mediterranean
493 3 AVENUE 10016,mercury bar,American
4930 20TH AVE 11204,m and m okun juice bar,"Juice, Smoothies, Fruit Salads"
4957 BROADWAY 10034,inwood local wine bar & beer garden,American
497 3RD AVE 10016,bar rua,Irish
497 DEKALB AVE 11205,brooklyn nights bar and grill,Other
497 GREENE AVE 11216,captain dan's good time tavern,American
50 HENRY STREET 11201,brooklyn heights wine bar,American
50 HUDSON ST 10013,bar cyrk nyc,American
50 PARKSIDE AVENUE 11226,parade grounds snack bar,American
500 MORRIS PARK AVE 10460,el rinconsito sport bar & restaurant,Spanish
5002 VERNON BOULEVARD 11101,p. j. leahy's bar & grill,American
5004 VERNON BOULEVARD 11101,domaine wine bar,French
5009 BROADWAY 10034,liffy ii bar,Irish
501 LEXINGTON AVENUE 10017,lily's bar @ roger smith hotel,American
502 6 AVENUE 10011,bar six,French
5025 BROADWAY 10034,rebounds sports burger bar,American
503 EAST   12 STREET 10009,double wide bar,American
505 3 AVENUE 10016,cinema cafe & bar,American
505 WEST   37 STREET 10018,clyde frazier's wine and dine,American
506 9TH AVE 10018,bar nine,Other
5060 BROADWAY 10034,brown sugar bar & restaurant,Spanish
508 9 AVENUE 10018,scallywag's irish pub & rest,Irish
51 EAST HOUSTON STREET 10012,milano's bar,American
510 EAST   11 STREET 10009,510 11st bar,American
511 AMSTERDAM AVE 10024,e's bar,American
513 CONEY ISLAND AVENUE 11218,cancun bar,Spanish
515 3 AVENUE 10016,bar 515,American
517 E 180TH ST 10457,dary's restaurant & bar,Spanish
519 2 AVENUE 10016,paddy reilly's bar,"Bottled beverages, including water, sodas, juices, etc."
52 8 AVENUE 10014,art bar,American
52 IRVING PLACE 10003,casa mono/bar jamon (next door),Tapas
520 8 AVENUE 10018,houndstooth pub,American
520 COURT ST 11231,travel bar,American
520 EAST    6 STREET 10009,josie's bar,American
520 HENRY STREET 11231,bar bruno,Mexican
522 CITY ISLAND AVE 10464,fella's bar,American
523 3RD AVENUE 10016,teds corner tavern,Greek
523 GREENWICH ST 10013,bar hugo,American
524 PORT RICHMOND AVENUE 10302,denino's pizzeria tavern,Pizza/Italian
5275 65TH PL 11378,slide bar-b-q,American
53 IRVING PLACE 10003,pierre loti cafe wine bar,Tapas
53 WEST   72 STREET 10023,the dakota bar,American
53 WESTCHESTER SQ 10461,remy 10608,"Bottled beverages, including water, sodas, juices, etc."
530 2 AVENUE 10016,vanguard wine bar,American
531 EAST    5 STREET 10009,ace bar,American
532 9 AVENUE 10018,holland bar,American
5322 ROOSEVELT AVENUE 11377,cascada restaurant and bar,Peruvian
5323 ROOSEVELT AVENUE 11377,tres coronas bar,American
533 ATLANTIC AVE 11217,st. gambrinus beer shoppe,American
533 GRAND STREET 11211,le barricou,French
536 DRIGGS AVENUE 11211,the abbey,"Bottled beverages, including water, sodas, juices, etc."
537 51ST AVE 11101,beer closet,Other
537 EAST  183 STREET 10458,rb bar,"Bottled beverages, including water, sodas, juices, etc."
5373 65 PLACE 11378,glen patrick's pub,American
54 JAY STREET 11201,olympia wine bar,American
54 PEARL STREET 10004,fraunces tavern,American
54 STONE STREET 10004,adrienne's pizza bar,Italian
54 WATTS STREET 10013,artifakt bar,American
54 WEST   31 STREET 10001,o'reilly's pub,Irish
5419 CHURCH AVE 11203,klassix restaurant & bar,Caribbean
5420 FLUSHING AVENUE 11378,d'oasis bar restaurant,"Latin (Cuban, Dominican, Puerto Rican, South & Central American)"
5422 ROOSEVELT AVENUE 11377,maguire's public house,Irish
543 3 AVENUE 11215,lowlands bar,American
547 LENOX AVE 10037,harlem barbq,Barbecue
55 CHRISTOPHER STREET 10014,55 bar,American
551 5 AVENUE 10176,marlin bar at tommy bahama and tommy bahama restaurant and b,Caribbean
5511 AVENUE N 11234,frank's tavern,American
552 GRANDVIEW AVENUE 11385,windjammers bar,American
557 MANHATTAN AVENUE 11222,bar matchless,American
558 11TH AVE 10036,la vela dining and bar,Italian
558560 RICHMOND ROAD 10304,el pollo restaurant and bar,"Latin (Cuban, Dominican, Puerto Rican, South & Central American)"
559 GRAND STREET 11211,ontario bar,American
56 IRVING PLACE 10003,cibar - lady mendl's tea salon,American
562 GRAND STREET 11211,desy's clam bar restaurant,Italian
562 HALSEY ST 11233,stuy bar,Caribbean
565 VANDERBILT AVE 11238,bar chuko,Japanese
566 E 187TH ST 10458,champs bar & grill,Italian
5670 MOSHOLU AVENUE 10471,frankie's tavern,American
568 5 AVENUE 11215,black horse pub,American
569 LINCOLN PL 11238,chisai sushi bar,Other
57 E 57TH ST 10022,the bar/four seasons hotel,American
57 GROVE STREET 10014,arthur's tavern,American
570 10TH AVE 10036,social terrace,"Bottled beverages, including water, sodas, juices, etc."
5722 CLARENDON ROAD 11203,yolie's bar & restaurant,Creole
5724 ROOSEVELT AVE 11377,donovan's pub,American
574 9 AVENUE 10036,dave's tavern,American
5757 BROADWAY 10463,madden's uptown bar & grill,American
5757 BROADWAY 10463,the bridge tavern,American
576 SOUTHERN BOULEVARD 10455,el porton bar & mexican restaurant,Mexican
577 5 AVENUE 11215,buttermilk bar,American
5788 MOSHOLU AVENUE 10471,the barbecue pit,Barbecue
579 MYRTLE AVE 11205,moot bar,American
58 5 AVENUE 11217,uncle barry's,American
58 BLEECKER STREET 10012,bleecker street bar,American
583 ARGYLE ROAD 11230,oxcart tavern,American
5834 AMBOY ROAD 10309,cucumber sushi & salad bar,Japanese
585 EAST  189 STREET 10458,howl at the moon bar & grill,American
585 FOREST AVENUE 10310,the burrito bar restaurant,Mexican
586 W 207TH ST 10034,rush tapas bar,"Bottled beverages, including water, sodas, juices, etc."
587 3 AVENUE 10016,wharf bar & grill,American
587 5 AVENUE 11215,grill's delight & juice bar,American
588 GRAND STREET 11211,huckleberry bar,American
589 11 AVENUE 10036,mcquaids public house,American
589 NEW LOTS AVE 11207,jus chill bar & grill,Caribbean
59 CANAL STREET 10002,upstairs  bar,Asian
59 EAST   59 STREET 10022,59e59 bar,American
590 MADISON AVENUE 10022,obika mozzarella bar,Italian
5913 FOSTER AVENUE 11234,fish eye bar & grill,Seafood
5930 GRAND AVE 11378,anchor inn,"Bottled beverages, including water, sodas, juices, etc."
596 10 AVENUE 10036,mr. biggs bar and grill,American
597 MANHATTAN AVENUE 11222,no name bar,"Bottled beverages, including water, sodas, juices, etc."
597 WEST 207 STREET 10034,guadalupe bar and grill,Mexican
599603 BUSHWICK AVE 11206,silent barn,Armenian
6 COLUMBUS CIRCLE 10019,blue ribbon sushi bar & grill,Japanese
6 COLUMBUS CIRCLE 10019,blue ribbon sushi bar & grill roof deck,Japanese
6 ST MARKS PLACE 10003,st marks karaoke,"Bottled beverages, including water, sodas, juices, etc."
6 STONE STREET 10004,murphy's tavern,American
6 WEST 24 STREET 10010,bo's kitchen & bar room,American
6 YORK STREET 10013,aoa bar & grill,American
60 EAST   54 STREET 10022,monkey bar,American
60 HANCOCK STREET 10305,lee's tavern,American
60 SOUTH    2 STREET 11249,crown victoria bar,American
600 WEST   57 STREET 10019,the green door,"Bottled beverages, including water, sodas, juices, etc."
6001 70 AVENUE 11385,cozy corner bar & restaurant,American
6004 8 AVENUE 11220,soccer tavern,Irish
603 SENECA AVENUE 11385,seneca fiesta coffee bar,"Latin (Cuban, Dominican, Puerto Rican, South & Central American)"
604 UNION STREET 11215,dinosaur bar-b-que,American
6054 FRESH POND ROAD 11378,t.j.'s sports bar,American
607 WEST  116 STREET 10027,hewitt dining hall barnard college cafeteria,American
61 2 AVENUE 10003,dempsey's pub,Irish
610 E 183RD ST 10458,la torre restaurant & bar,"Latin (Cuban, Dominican, Puerto Rican, South & Central American)"
610 EXTERIOR ST 10451,marisco centro seafood restaurant  & bar,Seafood
611 9 AVENUE 10036,dalton's bar & grill,American
611 HUDSON ST 10014,bar bolonat,Mediterranean
6115 BROADWAY 10471,gleeson's sports bar,American
6161 STRICKLAND AVENUE 11234,harbor fitness juice bar,American
6161 STRICKLAND AVENUE 11234,strike 10 lanes (sports bar),American
618 WEST   46 STREET 10036,pacha,"Bottled beverages, including water, sodas, juices, etc."
62 7 AVENUE 11217,santa fe grill & bar,Tex-Mex
62 COURT STREET 11201,o'keefes bar & grill,American
620 ATLANTIC AVENUE 11217,1876/beers of brooklyn,"Bottled beverages, including water, sodas, juices, etc."
620 ATLANTIC AVENUE 11217,billboard lounge,"Bottled beverages, including water, sodas, juices, etc."
620 ATLANTIC AVENUE 11217,corcoran lounge,"Bottled beverages, including water, sodas, juices, etc."
620 ATLANTIC AVENUE 11217,taste ny,"Bottled beverages, including water, sodas, juices, etc."
620 ATLANTIC AVENUE 11217,press dining & beer room,American
620 ATLANTIC AVENUE 11217,lower suites stoli bar south club lounge,American
620 ATLANTIC AVENUE 11217,40/40 club bar,American
620 ATLANTIC AVENUE 11217,north suite stoli bar,American
620 ATLANTIC AVENUE 11217,upper south suite stoli bar,American
620 MANIDA STREET 10474,hunts point juice bar & deli,Spanish
620 VANDERBILT AVENUE 11238,milk bar,American
6201 5 AVENUE 11220,feeney's pub,American
6210 39 AVENUE 11377,natalia bar,"Latin (Cuban, Dominican, Puerto Rican, South & Central American)"
6210 WOODHAVEN BOULEVARD 11374,nicole kelly pub,American
6236 FOREST AVENUE 11385,piekielko grill bar,Polish
626 11 AVENUE 10036,landmark tavern,Irish
627 5 AVENUE 11215,freddy's bar,American
627 9 AVENUE 10036,rudy's bar & grill,American
629 2ND AVE 10016,garlic pizza bar,Pizza/Italian
629 CRESCENT AVE 10458,shila bar & wine,American
629 VANDERBILT AVENUE 11238,soda bar,American
63 BEDFORD STREET 10014,snack taverna,Greek
63 GANSEVOORT STREET 10014,bar nana,Armenian
63 WEST 38TH STREET 10018,refinery lobby bar,American
631 5TH AVE 11215,el nopal restaurant & juice bar,Other
6314 ROOSEVELT AVENUE 11377,bum bum bar,"Latin (Cuban, Dominican, Puerto Rican, South & Central American)"
6323 AMBOY ROAD 10309,hot shotz sports bar i,American
6326 AVENUE N 11234,bill's bar,American
6328 WOODHAVEN BOULEVARD 11374,bridies bar and grill,American
633 GRAND STREET 11211,lady jay's,"Bottled beverages, including water, sodas, juices, etc."
636 HUDSON STREET 10014,hudson bar and books,American
637 10 AVENUE 10036,the pony bar,American
639 10TH AVE 10036,kiabacca pizza and beer,American
639 DRIGGS AVE 11211,sort of wine bar,Tapas
64 EAST  183 STREET 10453,tropical bar restaurant,"Latin (Cuban, Dominican, Puerto Rican, South & Central American)"
6408 11 AVENUE 11219,mama rao's   restaurant & bar,Italian
641618 FRESH POND ROAD 11385,glenlo tavern,American
6419 39 AVENUE 11377,santa  maria bar,Spanish
643 BROADWAY 10012,bar fish bistro,American
6431 COOPER AVENUE 11385,tee dee's tavern,Irish
6463 DRY HARBOR RD 11379,john's bar,American
647 5TH AVE 11215,lopez cafe barista,Mexican
647 GRAND STREET 11211,the grand bar and grill,American
648 FRANKLIN AVE 11238,kelso bistro bar & restaurant,Spanish
65 2 AVENUE 10003,wine bar,Mediterranean
65 4 AVENUE 11217,the cherry tree bar/ south brooklyn pizza,American
65 WEST   55 STREET 10019,cassidy's pub,Irish
652 FRANKLIN AVENUE 11238,imperial biker bar,American
658 NOSTRAND AVE 11216,nostrand avenue pub,American
66 HICKS STREET 11201,jack the horse tavern,American
660 FULTON STREET 11217,frank's lounge & bar,American
660 MADISON AVENUE 10065,genes @ barneys,American
660 MADISON AVENUE 10065,fred's at barney's,Italian
664 MANHATTAN AVE 11222,664 wine & dine,American
6648 MYRTLE AVE 11385,k & a bar,American
666 SENECA AVE 11385,paraiso zona vip restaurant bar,Spanish
67 SOUTH    6 STREET 11249,bia bar & grill,Vietnamese/Cambodian/Malaysia
6701 FOREST AVE 11385,victor bar and restaurant,Other
671 WASHINGTON AVENUE 11238,janelle's caribbean american cuisine & bar,Caribbean
6732 METROPOLITAN AVE 11379,locals bar,American
675 9TH AVE 10036,bar catalina,Mediterranean
675A SENECA AVE 11385,cascada  cafe,"Bottled beverages, including water, sodas, juices, etc."
678 WOODWARD AVENUE 11385,paradise bar,American
679 RIVERSIDE DR 10031,snack bar,American
68 JAY STREET 11201,68 jay street bar,American
686 6 AVENUE 11215,toby's public house,Pizza
6869 FRESH POND RD 11385,fresh pond tavern,American
689 6 AVENUE 11215,brooklyn pub,American
6908 MYRTLE AVENUE 11385,courtside lounge sports bar,American
6908 ROOSEVELT AVENUE 11377,scorpion bar,Spanish
6912 AUSTIN ST 11375,the old siam restaurant and bar,Thai
692 3 AVENUE 10017,muldoons bar,Irish
693 9TH AVE 10036,casa agave mexican bar & grill,Mexican
6944 MAIN ST 11367,bedford kitchen & wine bar,American
697 10 AVENUE 10036,hardware bar,American
7 AVENUE A 10009,the library,"Bottled beverages, including water, sodas, juices, etc."
7 EAST 36 STREET 10016,galway pub,Irish
70 PARK AVENUE 10016,silver leaf tavern,American
700 3 AVENUE 10017,juice bar plus,"Juice, Smoothies, Fruit Salads"
7001 AMBOY ROAD 10307,w's bar & restaurant,American
7004 ROOSEVELT AVE 11372,el palenque sport bar,Spanish
7009 AUSTIN STREET 11375,agora taverna,Greek
701 8TH AVE 10036,smith's hell's kitchen bar & restaurant,American
7013 AUSTIN STREET 11375,ripe juice bar & grill,American
7026 88 STREET 11385,yer man's irish pub,Irish
7028 AUSTIN ST 11375,austin public,Irish
706 MANHATTAN AVE 11222,lake street bar,American
706 WASHINGTON AVENUE 11238,706 bar,American
7072 NORTH    6 STREET 11211,black bear bar,American
708 5 AVENUE 11215,mary's bar,American
708 W 177TH ST 10033,kazza wine bar,Tapas
709 8 AVENUE 10036,lybane bar restaurant,Moroccan
71 LAFAYETTE AVENUE 11217,mullanes bar & grill,American
71 WEST   55 STREET 10019,whiskey trader,American
7104 35 AVENUE 11372,legends bar & grill,American
713 8TH AVENUE 10036,il forno/iron bar,Pizza/Italian
7132 MAIN ST 11367,sandwich bar,Sandwiches
714 11 AVENUE 10019,american retro bar & grill,American
716 BURKE AVENUE 10467,firozas roti bar,Caribbean
717 8 AVENUE 10036,chicken bar,Chicken
718 5 AVENUE 11215,bar 718,"Bottled beverages, including water, sodas, juices, etc."
72 E 7TH ST 10003,agavi organic juice bar,"Juice, Smoothies, Fruit Salads"
72 EAST  161 STREET 10451,yankee tavern,American
7215 5 AVENUE 11209,pc's bar and grill,American
7217 8 AVENUE 11228,the purple rose bar,"Bottled beverages, including water, sodas, juices, etc."
725 5 AVENUE 10022,trump bar,American
726 ASTOR AVENUE 10467,zymi bar & grill,American
729 3RD AVE 10017,the harp bar,American
73 ATLANTIC AVENUE 11201,montero bar & grill,American
73 EAST    7 STREET 10003,big bar,American
73 JAY STREET 11201,pedro's mexican bar & restaurant,Mexican
730 CLASSON AVE 11238,covenhoven,"Bottled beverages, including water, sodas, juices, etc."
7302 COOPER AVENUE 11385,the assembly bar,American
7311 METROPOLITAN AVENUE 11379,milan sports bar,Italian
7313 METROPOLITAN AVENUE 11379,pat's sports bar,American
7316 3 AVENUE 11209,longbow pub and pantry,Irish
732 AMSTERDAM AVENUE 10025,dive bar,American
735 CASTLETON AVENUE 10310,randall manor tavern,American
737 9 AVENUE 10019,molloy's irish pub,Irish
737 THROGS NECK EXPRESSWAY 10465,villa barone manor,American
738 10 AVENUE 10019,1 2 3 burger shot beer,American
739 FRANKLIN AVENUE 11238,739 franklin bar & lounge,Caribbean
741 ST NICHOLAS AVENUE 10031,texas star snack bar,American
745 39 STREET 11232,rancho luna bar,"Latin (Cuban, Dominican, Puerto Rican, South & Central American)"
747 FOREST AVE 10310,randazzo's famous clam bar,Seafood
75 9th AVE 10011,corkbuzz winebar chelsea market,American
75 INNIS STREET 10302,lacey's bridge tavern,American
75 RICHMOND TERRACE 10301,right field beer express,"Bottled beverages, including water, sodas, juices, etc."
75 RICHMOND TERRACE 10301,the irishman's bar b q,American
750 11 AVENUE 10019,il baretto,Italian
750 CLARENCE AVENUE 10465,white cross fishing club bar & grill,American
7515 BROADWAY 11373,alfonso's bar,"Bottled beverages, including water, sodas, juices, etc."
7518 ROOSEVELT AVENUE 11372,cafe 75 bar,"Latin (Cuban, Dominican, Puerto Rican, South & Central American)"
7525 5 AVENUE 11209,bean post pub,American
7532 BROADWAY 11373,city snooker pool house,"Bottled beverages, including water, sodas, juices, etc."
758 5 AVENUE 11232,x stasy bar & lounge,"Latin (Cuban, Dominican, Puerto Rican, South & Central American)"
758 5TH AVE 11232,ecstasy bar and lounge,Mexican
76 4 AVENUE 11217,fourth avenue pub,American
761 NOSTRAND AVENUE 11216,q's tavern,Caribbean
763 61ST ST 11220,sweet bar-b-q,Chinese
768 9 AVENUE 10019,mccoy's pub,Irish
768 FIFTH AVE 10019,champagne bar and rose club,American
768 MADISON AVENUE 10065,bar italia,Italian
769 METROPOLITAN AVENUE 11211,harefield road pub,American
77 FULTON STREET 10038,tj byrne's bar,Irish
7702 101 AVENUE 11416,exotic zone bar & lounge,American
775 FRANKLIN AVE 11238,bagel pub,American
776 9 AVENUE 10019,renaissance restaurant bar and garden diner,American
777 8TH AVE 10036,777 theater bar,American
78 READE ST 10007,church publick,American
78 SOUTH STREET 10038,cones cafe and watermark bar & lounge,American
78 W 131ST ST 10037,strength organic juice bar,"Juice, Smoothies, Fruit Salads"
780 3 AVENUE 10017,aperitivo pizza bar,Pizza
7801 ROOSEVELT AVENUE 11372,amor karaoke & bar,"Latin (Cuban, Dominican, Puerto Rican, South & Central American)"
7807 ROOSEVELT AVENUE 11372,la escuelita nueva bar lounge,"Latin (Cuban, Dominican, Puerto Rican, South & Central American)"
7810 5TH AVE 11209,chill bar & hookah lounge,Other
7811 ROOSEVELT AVENUE 11372,friend's tavern,"Bottled beverages, including water, sodas, juices, etc."
783 8 AVENUE 10036,latitude bar & grill,American
785 9 AVENUE 10019,brickyard gastro pub,American
7880 EAST    4 STREET 10003,stillwater bar & grill,American
79 BAXTER STREET 10013,whiskey tavern,American
79 E 7TH ST 10003,blue & gold bar,American
79 MACDOUGAL STREET 10012,mermaid oyster bar,Seafood
790 E 163RD ST 10456,johnson bar-b-q,Soul Food
791 WASHINGTON AVENUE 11238,bar corvo,American
7911 NORTHERN BLVD 11372,los toritos bar restaurant,"Latin (Cuban, Dominican, Puerto Rican, South & Central American)"
7912 THIRD AVENUE 11209,j.j. bubbles,"Bottled beverages, including water, sodas, juices, etc."
7915 ROOSEVELT AVENUE 11372,true colors bar,"Latin (Cuban, Dominican, Puerto Rican, South & Central American)"
7919 JAMAICA AVENUE 11421,mike's pub,American
793 FLUSHING AVENUE 11206,new golden house,"Bottled beverages, including water, sodas, juices, etc."
796A FRANKLIN AVE 11238,el barrio burritos,Mexican
8 EAST   36 STREET 10016,slattery's midtown pub,American
8 VANDUZER STREET 10301,poco loco bar,"Latin (Cuban, Dominican, Puerto Rican, South & Central American)"
8 WEST   38 STREET 10018,blaggard's pub,Irish
80 LAFAYETTE AVENUE 11217,mo's bar,Other
80 NASSAU STREET 10038,stamina grill & juice bar,American
80 ST MARKS PLACE 10003,william barnacle,American
80 WYTHE AVENUE 11249,wythe hotel bar,Other
800 E 149TH ST 10455,ivy juice bar,"Juice, Smoothies, Fruit Salads"
800 EAST  225 STREET 10466,blue horizon pub,Caribbean
8004 ROOSEVELT AVENUE 11372,el canelazo bar restaurant,"Latin (Cuban, Dominican, Puerto Rican, South & Central American)"
8015 NORTHERN BOULEVARD 11372,lenos bar cafe,"Latin (Cuban, Dominican, Puerto Rican, South & Central American)"
8016 COOPER AVENUE 11385,chili's grill & bar,American
802 CATON AVENUE 11218,shenanigans pub,American
807 9TH AVE 10019,bar 9,American
81 HUDSON STREET 10013,puffy's tavern,American
81 UNIVERSITY PLACE 10003,village taverna greek grill,Greek
810 STUYVESANT STREET 10003,panya/the barrel,Japanese
8101 NORTHERN BLVD 11372,sal restaurant bar & lounge,Spanish
8103 ROOSEVELT AVENUE 11372,el picosito bar lounge,"Latin (Cuban, Dominican, Puerto Rican, South & Central American)"
8115 NORTHERN BLVD 11372,bocaito cafe & wine bar,Spanish
813 8 AVENUE 10019,west end bar & grill,American
817 METROPOLITAN AVENUE 11211,reclamation bar,American
8172 LEFFERTS BOULEVARD 11415,karp tavern,American
818 10 AVE 10019,mamasita bar,Mexican
818 54 STREET 11220,funny b.b.q. bar,Chinese
818 WOODWARD AVE 11385,julia's beer and wine bar,American
8205 NORTHERN BOULEVARD 11372,el rumbero bar restaurant,"Latin (Cuban, Dominican, Puerto Rican, South & Central American)"
821113 ELIOT AVE 11379,mooney's public house,Irish
8214 ROOSEVELT AVENUE 11372,gato verde sports bar,Mexican
8267 BROADWAY 11373,winners bar,"Bottled beverages, including water, sodas, juices, etc."
829 FRANKLIN AVE 11225,union street pub,American
83 NORTH    7 STREET 11249,doc wine bar,Italian
8302 NORTHERN BOULEVARD 11372,galicia bar,"Latin (Cuban, Dominican, Puerto Rican, South & Central American)"
8311 NORTHERN BLVD 11372,parrilladas sunrise mexican restaurant bar,Mexican
8317 ROOSEVELT AVENUE 11372,el tucanazo bar,"Latin (Cuban, Dominican, Puerto Rican, South & Central American)"
832 WESTCHESTER AVENUE 10455,delicious juice bar,"Juice, Smoothies, Fruit Salads"
8322 37 AVENUE 11372,margarita's restaurant & sport bar,"Latin (Cuban, Dominican, Puerto Rican, South & Central American)"
834 7TH AVENUE 10019,stagecoach tavern,American
836 9TH AVE 10019,bar bacon,American
836 RIVER AVENUE 10451,stan's sports bar,American
837 7 AVENUE 10019,the irish pub,Irish
84 7TH AVE 10011,bar b,Italian
84 EBONY COURT 11229,tamaqua,"Bottled beverages, including water, sodas, juices, etc."
8407 NORTHERN BOULEVARD 11372,rubi rosa restaurant & bar,"Latin (Cuban, Dominican, Puerto Rican, South & Central American)"
8419 NORTHERN BOULEVARD 11372,de la mora restaurant and bar,Spanish
844 RIVER AVENUE 10451,yankee bar & grill/monumental empanadas,American
845 UNITED NATIONS PLAZA 10017,the world bar,American
85 E 4TH ST 10003,red room,"Bottled beverages, including water, sodas, juices, etc."
85 EAST    4 STREET 10003,kgb bar,American
85 PEARL STREET 10004,stone street tavern (@ 52 stone st),American
85 WEST STREET 10006,bill's bar and burger downtown,American
8509 NORTHERN BOULEVARD 11372,kabu bar & lounge,"Latin (Cuban, Dominican, Puerto Rican, South & Central American)"
8535 GRAND AVENUE 11373,grandstand tavern,Irish
856 KNICKERBOCKER AVE 11207,lopez bar restaurant corp,Spanish
856 RIVER AVENUE 10451,billy's sport bar restaurant & lounge,American
859 9TH AVE 10019,rise bar,American
86 PAGE AVENUE 10309,ziototo restaurante & bar,Italian
8609 NORTHERN BOULEVARD 11372,wine garden cafe,Mediterranean
8622 ROOSEVELT AVENUE 11372,12 corazones restaurant & bar,Spanish
866 MORRIS PARK AVE 10462,lotus flame restaurant & bar,Caribbean
87 CENTRAL AVE 11206,razor's bar & lounge,Other
8703 5 AVENUE 11209,lone star bar & grill,American
8705 NORTHERN BOULEVARD 11372,el paisa bar,"Latin (Cuban, Dominican, Puerto Rican, South & Central American)"
8722 LEFFERTS BLVD 11418,c bar & lounge,Caribbean
8748 78 STREET 11421,neir's tavern,American
875 E 241ST ST 10466,island blend juice  bar .,"Juice, Smoothies, Fruit Salads"
8750 LEFFERTS BLVD 11418,m2 billards & lounge,"Bottled beverages, including water, sodas, juices, etc."
8769 SUTPHIN BOULEVARD 11435,maloney's bar,American
879 FOREST AVENUE 10310,rusty's bar,American
88 7 AVENUE 10011,legend bar & restaurant,Chinese
880 EAST TREMONT AVE 10460,roy's restaurnt & bar,"Latin (Cuban, Dominican, Puerto Rican, South & Central American)"
880 GERARD AVENUE 10452,vega alta sports bar,"Latin (Cuban, Dominican, Puerto Rican, South & Central American)"
8808 ROOSEVELT AVE 11372,tempo libero bar,Spanish
8812 3 AVENUE 11209,bench sport bar,American
8814 LIBERTY AVENUE 11417,mike's tavern,American
884 PACIFIC ST 11238,art cafe + bar,American
885 4 AVENUE 11232,bklyn's tiki bar,American
885 ANNADALE RD 10312,twisted dish tavern,American
889 1 AVENUE 10022,beekman bar & books,American
8902 3 AVENUE 11209,o'sullivan's pub,American
8905 NORTHERN BOULEVARD 11372,riazor blue tapas bar,Spanish
896 BROADWAY 11206,divine bar & grill,American
899 BERGEN ST 11238,berg'n beer hall,American
899 BERGEN ST 11238,ramen burger at berg'n beer hall,American
9 EAST   45 STREET 10017,eamonn's bar and grill,Irish
9 GREAT JONES STREET 10012,acme bar & grill,American
90 GREENWICH AVENUE 10011,johnny's bar,American
90 SOUTH    4 STREET 11249,south 4th bar & cafe,American
901 COLLEGE POINT BLVD 11356,cj's pub,"Bottled beverages, including water, sodas, juices, etc."
9023 3RD AVE 11209,pipins pub,American
9040 160TH ST 11432,best food salad bar,Salads
9044 CORONA AVENUE 11373,la monita juice snack bar,"Juice, Smoothies, Fruit Salads"
91 7TH AVE S 10014,jekyll pub,American
91 GREENPOINT AVENUE 11222,black rabbit bar,American
91-06 43RD AVENUE 11373,mi otra casa rest bar,Spanish
9111 ROCKAWAY BEACH BLVD 11693,sayras wine bar,American
9117 37 AVENUE 11372,la puntilla bar & restaurant,Spanish
913 BROADWAY 10010,punch / wined up,American
919 CROSSBAY BOULEVARD 11693,ruffles bar,"Bottled beverages, including water, sodas, juices, etc."
9206 173 STREET 11433,tropical fantasy bar and lounge,Caribbean
923 8 AVENUE 10019,barcelona bar,"Bottled beverages, including water, sodas, juices, etc."
925 ALLERTON AVENUE 10469,papi nice bar,American
9259 4 AVENUE 11209,kelly's tavern,American
928 BROADWAY 10010,obica mozzarella bar,Italian
929 COLUMBUS AVE 10025,bob's your uncle,"Bottled beverages, including water, sodas, juices, etc."
92A NAGLE AVE 10040,lux bar & grill,"Latin (Cuban, Dominican, Puerto Rican, South & Central American)"
9301 95 AVENUE 11416,jim byrne wee pub,Irish
9320 AVENUE L 11236,citadelle bar and restaurant,Caribbean
9340 SUTPHIN BOULEVARD 11435,"air bar, ny deli, tim hortons",American
938 AMSTERDAM AVENUE 10025,amsterdam tavern,American
939312 EAST    7 STREET 10009,caracas arepa bar,"Latin (Cuban, Dominican, Puerto Rican, South & Central American)"
94 AVENUE A 10009,sidewalk bar & restaurant,American
94 BEDFORD AVENUE 11249,turkey's nest tavern,American
94 ORCHARD STREET 10002,top hops beer shop,American
9402 SUTPHIN BOULEVARD 11435,europa bar,American
9410 ASTORIA BLVD 11369,la kueva bar & grill,"Latin (Cuban, Dominican, Puerto Rican, South & Central American)"
9410 JAMAICA AVENUE 11421,bicheiros bar,Spanish
9413 37 AVENUE 11372,tacos morelos bar restaurant,Mexican
9425 37TH AVE 11372,fogon latino bar restaurant,Mexican
945 2 AVENUE 10022,crave fish bar,Seafood
946 MANHATTAN AVENUE 11222,la taverna,Italian
95 EAST    3 STREET 10003,the edge bar,American
95 HALSEY STREET 11216,vodou bar,American
95 MACDOUGAL STREET 10012,$1 pizza $2 beer,Pizza
9523 CHURCH AVENUE 11212,azylum bar & lounge,American
9532 QUEENS BOULEVARD 11374,tropix bar & lounge,American
9541 SUTPHIN BOULEVARD 11435,sangria tapas bar & restaurant,Spanish
957 UTICA AVE 11203,executive lounge & bar,Caribbean
958 POST AVENUE 10302,ground level  pub & grub,American
96 AVENUE C 10009,abc beer co.,Sandwiches
96 BERRY ST 11249,teddy's bar & grill,American
960 E 165TH ST 10459,exito bar & lounge,Spanish
9603 101 AVENUE 11416,the quiet man bar,American
9605 METROPOLITAN AVENUE 11375,umi japanese restaurant  sushi bar & teriyaki grill,Japanese
9607 37TH AVE 11368,los chiles bar & restaurant,Mexican
961 2 AVENUE 10022,cornerstone tavern/the stag's head,Irish
9612 31 AVENUE 11369,pa donde tono bar,American
9615D ROOSEVELT AVE 11368,juan bar,Mexican
963 PROSPECT AVENUE 10459,nilda's sport bar,"Latin (Cuban, Dominican, Puerto Rican, South & Central American)"
966 EAST  165 STREET 10459,las divas sports bar-n-restaurant,Spanish
97 NASSAU AVENUE 11222,keg and lantern tavern,Irish
97 TRINITY PLACE 10006,wafflaki belgian waffle bar,Pancakes/Waffles
9701 3 AVENUE 11209,pipin's pub,American
9707 37TH AVE 11368,milenio restaurant bar inc,"Latin (Cuban, Dominican, Puerto Rican, South & Central American)"
9707 JAMAICA AVENUE 11421,tavern lounge,Irish
9712 101ST AVE 11416,el viejo yayo restaurant & bar,Spanish
971B E NEW YORK AVE 11212,goodas bar & lounge,Caribbean
975 2ND AVE 10022,jameson's bar and restaurant,American
977 2 AVENUE 10022,murphy's pub & restaurant,Irish
98 3 AVENUE 10003,bar none,American
98 AVENUE C 10009,lois bar,American
98 VICTORY BLVD 10301,blvd cafe & juice bar,Asian
984 SECOND AVENUE 10022,mimis restaurant & bar,Italian
986 2ND AVE 10022,atwood kitchen & bar,American
98A S 4TH ST 11249,miusa wine bar,American
99 PARK AVENUE 10016,park avenue tavern,American
990 6 AVENUE 10018,jimmys american grill & bar,American
9910 37 AVENUE 11368,el paraiso bar & restaurant,"Latin (Cuban, Dominican, Puerto Rican, South & Central American)"
99-11 37TH AVENUE 11368,la reina del sur restaurant & bar,Mexican
9912 NORTHERN BOULEVARD 11368,manta llave del mar bar restaurant,"Latin (Cuban, Dominican, Puerto Rican, South & Central American)"
995 AMSTERDAM AVENUE 10025,lions head tavern,Armenian
